xml_path,object_index,image_name,image_path,xmin,ymin,xmax,ymax,plate_text,status,reason
,0,Maruti-Suzuki-Ritz-526833c.jpg_0353_0220_0330_0252_0068.png,C:\Users\shrey\Downloads\cvproject\Dataset\in\in\Maruti-Suzuki-Ritz-526833c.jpg_0353_0220_0330_0252_0068.png,0,0,252,68,TN02AS2247,ok,
,0,Maruti-Suzuki-Ritz-527562c.jpg_0000_0247_0363_0223_0059.png,C:\Users\shrey\Downloads\cvproject\Dataset\in\in\Maruti-Suzuki-Ritz-527562c.jpg_0000_0247_0363_0223_0059.png,0,0,223,59,DL2CAL7538,ok,
,0,Maruti-Suzuki-Swift-526758b.jpg_0000_0239_0479_0270_0063.png,C:\Users\shrey\Downloads\cvproject\Dataset\in\in\Maruti-Suzuki-Swift-526758b.jpg_0000_0239_0479_0270_0063.png,0,0,270,63,KH06424325,ok,
,0,Maruti-Suzuki-A-Star-515320b.jpg_0000_0181_0310_0202_0059.png,C:\Users\shrey\Downloads\cvproject\Dataset\in\in\Maruti-Suzuki-A-Star-515320b.jpg_0000_0181_0310_0202_0059.png,0,0,202,59,N20B17899,ok,
,0,Maruti-Suzuki-A-Star-528553c.jpg_0010_0393_0448_0181_0058.png,C:\Users\shrey\Downloads\cvproject\Dataset\in\in\Maruti-Suzuki-A-Star-528553c.jpg_0010_0393_0448_0181_0058.png,0,0,181,58,MHOZBM1873,ok,
,0,Maruti-Suzuki-Swift-527247c.jpg_0002_0261_0471_0276_0059.png,C:\Users\shrey\Downloads\cvproject\Dataset\in\in\Maruti-Suzuki-Swift-527247c.jpg_0002_0261_0471_0276_0059.png,0,0,276,59,AP9BV4244,ok,
,0,Maruti-Suzuki-Wagon-R-523557c.jpg_0351_0147_0440_0283_0106.png,C:\Users\shrey\Downloads\cvproject\Dataset\in\in\Maruti-Suzuki-Wagon-R-523557c.jpg_0351_0147_0440_0283_0106.png,0,0,283,106,KL4349117,ok,
,0,Maruti-Suzuki-Alto-510127d.jpg_0350_0077_0312_0153_0056.png,C:\Users\shrey\Downloads\cvproject\Dataset\in\in\Maruti-Suzuki-Alto-510127d.jpg_0350_0077_0312_0153_0056.png,0,0,153,56,MK43AFB411,ok,
,0,Hyundai-i10-528896c.jpg_0005_0330_0448_0172_0052.png,C:\Users\shrey\Downloads\cvproject\Dataset\in\in\Hyundai-i10-528896c.jpg_0005_0330_0448_0172_0052.png,0,0,172,52,MH12GR709,ok,
,0,Chevrolet-Spark-527784c.jpg_0000_0356_0322_0184_0062.png,C:\Users\shrey\Downloads\cvproject\Dataset\in\in\Chevrolet-Spark-527784c.jpg_0000_0356_0322_0184_0062.png,0,0,184,62,MH2EM6015,ok,
,0,Hyundai-i10-522477c.jpg_0000_0156_0490_0249_0110.png,C:\Users\shrey\Downloads\cvproject\Dataset\in\in\Hyundai-i10-522477c.jpg_0000_0156_0490_0249_0110.png,0,0,249,110,TN02AJ0322,ok,
,0,Mahindra-XUV-500-528497c.jpg_0006_0341_0347_0224_0053.png,C:\Users\shrey\Downloads\cvproject\Dataset\in\in\Mahindra-XUV-500-528497c.jpg_0006_0341_0347_0224_0053.png,0,0,224,53,PBI0DN3466,ok,
,0,Maruti-Suzuki-Wagon-R-522807b.jpg_0332_-012_0357_0191_0042.png,C:\Users\shrey\Downloads\cvproject\Dataset\in\in\Maruti-Suzuki-Wagon-R-522807b.jpg_0332_-012_0357_0191_0042.png,0,0,191,42,OLAEAW0698,ok,
,0,Hyundai-Accent-523595f.jpg_0000_0248_0331_0131_0035.png,C:\Users\shrey\Downloads\cvproject\Dataset\in\in\Hyundai-Accent-523595f.jpg_0000_0248_0331_0131_0035.png,0,0,131,35,MHO2BG986,ok,
,0,Maruti-Suzuki-Wagon-R-527279b.jpg_0000_0094_0470_0136_0066.png,C:\Users\shrey\Downloads\cvproject\Dataset\in\in\Maruti-Suzuki-Wagon-R-527279b.jpg_0000_0094_0470_0136_0066.png,0,0,136,66,MH15CM16787,ok,
,0,Volkswagen-Vento-521156c.jpg_0003_0283_0308_0238_0056.png,C:\Users\shrey\Downloads\cvproject\Dataset\in\in\Volkswagen-Vento-521156c.jpg_0003_0283_0308_0238_0056.png,0,0,238,56,MF01AW5111,ok,
,0,Maruti-Suzuki-Swift-522136d.jpg_0005_0401_0386_0190_0057.png,C:\Users\shrey\Downloads\cvproject\Dataset\in\in\Maruti-Suzuki-Swift-522136d.jpg_0005_0401_0386_0190_0057.png,0,0,190,57,WBO8B8579,ok,
,0,Mahindra-Xylo-518096c.jpg_0356_0280_0254_0200_0060.png,C:\Users\shrey\Downloads\cvproject\Dataset\in\in\Mahindra-Xylo-518096c.jpg_0356_0280_0254_0200_0060.png,0,0,200,60,TNZ2BKLOO8,ok,
,0,Hyundai-Verna-522812b.jpg_0346_0131_0405_0138_0043.png,C:\Users\shrey\Downloads\cvproject\Dataset\in\in\Hyundai-Verna-522812b.jpg_0346_0131_0405_0138_0043.png,0,0,138,43,MHOEAN3997,ok,
,0,Ford-Fiesta-527657b.jpg_0347_0086_0273_0113_0034.png,C:\Users\shrey\Downloads\cvproject\Dataset\in\in\Ford-Fiesta-527657b.jpg_0347_0086_0273_0113_0034.png,0,0,113,34,MHO6AF2528,ok,
,0,Tata-Manza-523458c.jpg_0000_0246_0336_0319_0098.png,C:\Users\shrey\Downloads\cvproject\Dataset\in\in\Tata-Manza-523458c.jpg_0000_0246_0336_0319_0098.png,0,0,319,98,AP0AN1417,ok,
,0,Maruti-Suzuki-Swift-530225c.jpg_0000_0344_0344_0197_0055.png,C:\Users\shrey\Downloads\cvproject\Dataset\in\in\Maruti-Suzuki-Swift-530225c.jpg_0000_0344_0344_0197_0055.png,0,0,197,55,PHHOLEF5078,ok,
,0,Honda-Civic-523066c.jpg_0000_0276_0258_0235_0063.png,C:\Users\shrey\Downloads\cvproject\Dataset\in\in\Honda-Civic-523066c.jpg_0000_0276_0258_0235_0063.png,0,0,235,63,MHOLAH0545,ok,
,0,Mahindra-Scorpio-518977c.jpg_0000_0349_0284_0164_0046.png,C:\Users\shrey\Downloads\cvproject\Dataset\in\in\Mahindra-Scorpio-518977c.jpg_0000_0349_0284_0164_0046.png,0,0,164,46,HR51AS1615,ok,
,0,Maruti-Suzuki-Ertiga-514468f.jpg_0000_0140_0312_0140_0051.png,C:\Users\shrey\Downloads\cvproject\Dataset\in\in\Maruti-Suzuki-Ertiga-514468f.jpg_0000_0140_0312_0140_0051.png,0,0,140,51,CN69L41DLZ,ok,
,0,Maruti-Suzuki-A-Star-525645c.jpg_0358_0303_0388_0185_0063.png,C:\Users\shrey\Downloads\cvproject\Dataset\in\in\Maruti-Suzuki-A-Star-525645c.jpg_0358_0303_0388_0185_0063.png,0,0,185,63,MHI2FK3242,ok,
,0,Maruti-Suzuki-Wagon-R-520112d.jpg_0020_0619_0412_0119_0035.png,C:\Users\shrey\Downloads\cvproject\Dataset\in\in\Maruti-Suzuki-Wagon-R-520112d.jpg_0020_0619_0412_0119_0035.png,0,0,119,35,IMH434B0687,ok,
,0,Maruti-Suzuki-A-Star-526462b.jpg_0017_0462_0395_0159_0054.png,C:\Users\shrey\Downloads\cvproject\Dataset\in\in\Maruti-Suzuki-A-Star-526462b.jpg_0017_0462_0395_0159_0054.png,0,0,159,54,DLBCNB7,ok,
,0,Skoda-Fabia-528239c.jpg_0000_0291_0343_0222_0051.png,C:\Users\shrey\Downloads\cvproject\Dataset\in\in\Skoda-Fabia-528239c.jpg_0000_0291_0343_0222_0051.png,0,0,222,51,MH04GE5052,ok,
,0,Renault-Duster-523707e.jpg_0000_0403_0285_0191_0054.png,C:\Users\shrey\Downloads\cvproject\Dataset\in\in\Renault-Duster-523707e.jpg_0000_0403_0285_0191_0054.png,0,0,191,54,MHI4DN6372,ok,
,0,Mahindra-Scorpio-517155e.jpg_0349_0135_0326_0107_0035.png,C:\Users\shrey\Downloads\cvproject\Dataset\in\in\Mahindra-Scorpio-517155e.jpg_0349_0135_0326_0107_0035.png,0,0,107,35,18HT4BKZ799,ok,
,0,Tata-Safari-525713c.jpg_0000_0314_0479_0211_0049.png,C:\Users\shrey\Downloads\cvproject\Dataset\in\in\Tata-Safari-525713c.jpg_0000_0314_0479_0211_0049.png,0,0,211,49,WB3849449,ok,
,0,Ford-Fiesta-513047e.jpg_0358_0257_0379_0284_0066.png,C:\Users\shrey\Downloads\cvproject\Dataset\in\in\Ford-Fiesta-513047e.jpg_0358_0257_0379_0284_0066.png,0,0,284,66,MH43X7188,ok,
,0,Maruti-Suzuki-Ertiga-514468h.jpg_0017_0694_0255_0156_0036.png,C:\Users\shrey\Downloads\cvproject\Dataset\in\in\Maruti-Suzuki-Ertiga-514468h.jpg_0017_0694_0255_0156_0036.png,0,0,156,36,0L7CXG9UL,ok,
,0,Tata-Indica-Vista-513917d.jpg_0355_0144_0290_0143_0040.png,C:\Users\shrey\Downloads\cvproject\Dataset\in\in\Tata-Indica-Vista-513917d.jpg_0355_0144_0290_0143_0040.png,0,0,143,40,APZTAB4688,ok,
,0,Chevrolet-Spark-529936b.jpg_0000_0335_0466_0142_0045.png,C:\Users\shrey\Downloads\cvproject\Dataset\in\in\Chevrolet-Spark-529936b.jpg_0000_0335_0466_0142_0045.png,0,0,142,45,MH14BK9931,ok,
,0,Maruti-Suzuki-Swift-529140c.jpg_0000_0206_0429_0181_0058.png,C:\Users\shrey\Downloads\cvproject\Dataset\in\in\Maruti-Suzuki-Swift-529140c.jpg_0000_0206_0429_0181_0058.png,0,0,181,58,F856C0180,ok,
,0,Honda-Civic-519967c.jpg_0000_0266_0234_0246_0059.png,C:\Users\shrey\Downloads\cvproject\Dataset\in\in\Honda-Civic-519967c.jpg_0000_0266_0234_0246_0059.png,0,0,246,59,DL3CBE1458,ok,
,0,Hyundai-Eon-528686c.jpg_0004_0320_0452_0231_0074.png,C:\Users\shrey\Downloads\cvproject\Dataset\in\in\Hyundai-Eon-528686c.jpg_0004_0320_0452_0231_0074.png,0,0,231,74,DL7CL7834,ok,
,0,Honda-City-524408h.jpg_0000_0259_0410_0269_0063.png,C:\Users\shrey\Downloads\cvproject\Dataset\in\in\Honda-City-524408h.jpg_0000_0259_0410_0269_0063.png,0,0,269,63,MHA3AB860,ok,
,0,Mahindra-Xylo-522442c.jpg_0000_0314_0269_0175_0041.png,C:\Users\shrey\Downloads\cvproject\Dataset\in\in\Mahindra-Xylo-522442c.jpg_0000_0314_0269_0175_0041.png,0,0,175,41,HHL86131,ok,
,0,Hyundai-i20-523894c.jpg_0358_0257_0516_0244_0059.png,C:\Users\shrey\Downloads\cvproject\Dataset\in\in\Hyundai-i20-523894c.jpg_0358_0257_0516_0244_0059.png,0,0,244,59,AP10BB4320,ok,
,0,Hyundai-i10-530304c.jpg_0357_0243_0505_0203_0047.png,C:\Users\shrey\Downloads\cvproject\Dataset\in\in\Hyundai-i10-530304c.jpg_0357_0243_0505_0203_0047.png,0,0,203,47,DL8CS7073,ok,
,0,Honda-Jazz-528699c.jpg_0001_0329_0278_0195_0070.png,C:\Users\shrey\Downloads\cvproject\Dataset\in\in\Honda-Jazz-528699c.jpg_0001_0329_0278_0195_0070.png,0,0,195,70,WB06E0652,ok,
,0,Hyundai-i10-529380c.jpg_0000_0306_0484_0215_0056.png,C:\Users\shrey\Downloads\cvproject\Dataset\in\in\Hyundai-i10-529380c.jpg_0000_0306_0484_0215_0056.png,0,0,215,56,TN02AK3898,ok,
,0,Hyundai-i10-524808b.jpg_0000_0244_0391_0295_0060.png,C:\Users\shrey\Downloads\cvproject\Dataset\in\in\Hyundai-i10-524808b.jpg_0000_0244_0391_0295_0060.png,0,0,295,60,MH03AR3037,ok,
,0,Maruti-Suzuki-Wagon-R-523904c.jpg_0354_0166_0431_0277_0069.png,C:\Users\shrey\Downloads\cvproject\Dataset\in\in\Maruti-Suzuki-Wagon-R-523904c.jpg_0354_0166_0431_0277_0069.png,0,0,277,69,DL9CN6623,ok,
,0,Maruti-Suzuki-Alto-528911d.jpg_0022_0572_0454_0136_0040.png,C:\Users\shrey\Downloads\cvproject\Dataset\in\in\Maruti-Suzuki-Alto-528911d.jpg_0022_0572_0454_0136_0040.png,0,0,136,40,MH42EX7388,ok,
,0,Maruti-Suzuki-Alto-527564e.jpg_0000_0117_0295_0075_0017.png,C:\Users\shrey\Downloads\cvproject\Dataset\in\in\Maruti-Suzuki-Alto-527564e.jpg_0000_0117_0295_0075_0017.png,0,0,75,17,IILOLL4,ok,
,0,Nissan-Micra-525927c.jpg_0356_0284_0405_0216_0056.png,C:\Users\shrey\Downloads\cvproject\Dataset\in\in\Nissan-Micra-525927c.jpg_0356_0284_0405_0216_0056.png,0,0,216,56,L3CBM9158,ok,
,0,Maruti-Suzuki-Wagon-R-530109c.jpg_0005_0380_0338_0215_0056.png,C:\Users\shrey\Downloads\cvproject\Dataset\in\in\Maruti-Suzuki-Wagon-R-530109c.jpg_0005_0380_0338_0215_0056.png,0,0,215,56,DL8CQ1584,ok,
,0,Hyundai-i10-524328c.jpg_0012_0353_0524_0210_0052.png,C:\Users\shrey\Downloads\cvproject\Dataset\in\in\Hyundai-i10-524328c.jpg_0012_0353_0524_0210_0052.png,0,0,210,52,MHO3AR745S,ok,
,0,Chevrolet-Spark-514304d.jpg_0000_0184_0190_0140_0032.png,C:\Users\shrey\Downloads\cvproject\Dataset\in\in\Chevrolet-Spark-514304d.jpg_0000_0184_0190_0140_0032.png,0,0,140,32,MBOZAB4631,ok,
,0,Maruti-Suzuki-Ritz-526164b.jpg_0000_0163_0342_0089_0028.png,C:\Users\shrey\Downloads\cvproject\Dataset\in\in\Maruti-Suzuki-Ritz-526164b.jpg_0000_0163_0342_0089_0028.png,0,0,89,28,APIOBB8933,ok,
,0,Maruti-Suzuki-Ertiga-513901d.jpg_0013_0375_0210_0132_0031.png,C:\Users\shrey\Downloads\cvproject\Dataset\in\in\Maruti-Suzuki-Ertiga-513901d.jpg_0013_0375_0210_0132_0031.png,0,0,132,31,1R26U75794,ok,
,0,Hyundai-i10-530199c.jpg_0000_0226_0359_0157_0036.png,C:\Users\shrey\Downloads\cvproject\Dataset\in\in\Hyundai-i10-530199c.jpg_0000_0226_0359_0157_0036.png,0,0,157,36,IN02A7695,ok,
,0,Maruti-Suzuki-Swift-529199c.jpg_0000_0285_0460_0262_0072.png,C:\Users\shrey\Downloads\cvproject\Dataset\in\in\Maruti-Suzuki-Swift-529199c.jpg_0000_0285_0460_0262_0072.png,0,0,262,72,AP13P8058,ok,
,0,Chevrolet-Optra-Magnum-519836d.jpg_0037_0581_0344_0149_0039.png,C:\Users\shrey\Downloads\cvproject\Dataset\in\in\Chevrolet-Optra-Magnum-519836d.jpg_0037_0581_0344_0149_0039.png,0,0,149,39,MH12GV1686,ok,
,0,Chevrolet-Beat-527036f.jpg_0013_0284_0340_0235_0083.png,C:\Users\shrey\Downloads\cvproject\Dataset\in\in\Chevrolet-Beat-527036f.jpg_0013_0284_0340_0235_0083.png,0,0,235,83,TN22CS1173,ok,
,0,Chevrolet-Beat-529436c.jpg_0000_0255_0309_0222_0058.png,C:\Users\shrey\Downloads\cvproject\Dataset\in\in\Chevrolet-Beat-529436c.jpg_0000_0255_0309_0222_0058.png,0,0,222,58,MH27AR0865,ok,
,0,Hyundai-i20-523669b.jpg_0000_0277_0484_0223_0045.png,C:\Users\shrey\Downloads\cvproject\Dataset\in\in\Hyundai-i20-523669b.jpg_0000_0277_0484_0223_0045.png,0,0,223,45,INIOAE1638,ok,
,0,Hyundai-Verna-514742c.jpg_0355_0086_0154_0144_0043.png,C:\Users\shrey\Downloads\cvproject\Dataset\in\in\Hyundai-Verna-514742c.jpg_0355_0086_0154_0144_0043.png,0,0,144,43,UZ2CS1403,ok,
,0,Chevrolet-Aveo-U-VA-524364c.jpg_0358_0273_0356_0254_0059.png,C:\Users\shrey\Downloads\cvproject\Dataset\in\in\Chevrolet-Aveo-U-VA-524364c.jpg_0358_0273_0356_0254_0059.png,0,0,254,59,DL9T0471,ok,
,0,Maruti-Suzuki-Swift-524509c.jpg_0007_0378_0532_0204_0068.png,C:\Users\shrey\Downloads\cvproject\Dataset\in\in\Maruti-Suzuki-Swift-524509c.jpg_0007_0378_0532_0204_0068.png,0,0,204,68,MH14DT9633,ok,
,0,Toyota-Innova-518617c.jpg_0002_0291_0348_0228_0067.png,C:\Users\shrey\Downloads\cvproject\Dataset\in\in\Toyota-Innova-518617c.jpg_0002_0291_0348_0228_0067.png,0,0,228,67,MH43AF1464,ok,
,0,Maruti-Suzuki-Swift-528479e.jpg_0346_0088_0326_0166_0050.png,C:\Users\shrey\Downloads\cvproject\Dataset\in\in\Maruti-Suzuki-Swift-528479e.jpg_0346_0088_0326_0166_0050.png,0,0,166,50,MH12GF7583,ok,
,0,Hyundai-Verna-528218e.jpg_0000_0222_0166_0154_0045.png,C:\Users\shrey\Downloads\cvproject\Dataset\in\in\Hyundai-Verna-528218e.jpg_0000_0222_0166_0154_0045.png,0,0,154,45,IHL3N4129,ok,
,0,Honda-City-ZX-527281c.jpg_0009_0407_0390_0207_0048.png,C:\Users\shrey\Downloads\cvproject\Dataset\in\in\Honda-City-ZX-527281c.jpg_0009_0407_0390_0207_0048.png,0,0,207,48,MHO2JP1491,ok,
,0,Toyota-Innova-530293c.jpg_0000_0285_0347_0191_0044.png,C:\Users\shrey\Downloads\cvproject\Dataset\in\in\Toyota-Innova-530293c.jpg_0000_0285_0347_0191_0044.png,0,0,191,44,MH43AL9888,ok,
,0,Hyundai-Santro-Xing-519773d.jpg_0353_0174_0280_0166_0062.png,C:\Users\shrey\Downloads\cvproject\Dataset\in\in\Hyundai-Santro-Xing-519773d.jpg_0353_0174_0280_0166_0062.png,0,0,166,62,MT2EM9358,ok,
,0,Ford-Figo-514785e.jpg_0000_0122_0173_0143_0042.png,C:\Users\shrey\Downloads\cvproject\Dataset\in\in\Ford-Figo-514785e.jpg_0000_0122_0173_0143_0042.png,0,0,143,42,GJLKN7175,ok,
,0,Honda-Civic-525755c.jpg_0344_0156_0277_0197_0076.png,C:\Users\shrey\Downloads\cvproject\Dataset\in\in\Honda-Civic-525755c.jpg_0344_0156_0277_0197_0076.png,0,0,197,76,KL7BF10157,ok,
,0,Hyundai-Santro-Xing-529819c.jpg_0001_0255_0288_0206_0055.png,C:\Users\shrey\Downloads\cvproject\Dataset\in\in\Hyundai-Santro-Xing-529819c.jpg_0001_0255_0288_0206_0055.png,0,0,206,55,DL8C4926,ok,
,0,Honda-City-527920c.jpg_0003_0274_0340_0265_0071.png,C:\Users\shrey\Downloads\cvproject\Dataset\in\in\Honda-City-527920c.jpg_0003_0274_0340_0265_0071.png,0,0,265,71,MHOLAH997,ok,
,0,Skoda-Laura-525003c.jpg_0000_0293_0271_0202_0056.png,C:\Users\shrey\Downloads\cvproject\Dataset\in\in\Skoda-Laura-525003c.jpg_0000_0293_0271_0202_0056.png,0,0,202,56,KA04ME4151,ok,
,0,Maruti-Suzuki-A-Star-525076c.jpg_0348_0053_0215_0097_0024.png,C:\Users\shrey\Downloads\cvproject\Dataset\in\in\Maruti-Suzuki-A-Star-525076c.jpg_0348_0053_0215_0097_0024.png,0,0,97,24,641KC2132,ok,
,0,Maruti-Suzuki-Swift-Dzire-523498c.jpg_0000_0254_0340_0184_0060.png,C:\Users\shrey\Downloads\cvproject\Dataset\in\in\Maruti-Suzuki-Swift-Dzire-523498c.jpg_0000_0254_0340_0184_0060.png,0,0,184,60,DLSCH8885,ok,
,0,Tata-Nano-527807c.jpg_0358_0302_0487_0248_0055.png,C:\Users\shrey\Downloads\cvproject\Dataset\in\in\Tata-Nano-527807c.jpg_0358_0302_0487_0248_0055.png,0,0,248,55,AP31BT9732,ok,
,0,Chevrolet-Cruze-522196c.jpg_0359_0333_0377_0219_0055.png,C:\Users\shrey\Downloads\cvproject\Dataset\in\in\Chevrolet-Cruze-522196c.jpg_0359_0333_0377_0219_0055.png,0,0,219,55,MK0LEF8726,ok,
,0,Maruti-Suzuki-Alto-521597c.jpg_0000_0153_0304_0149_0061.png,C:\Users\shrey\Downloads\cvproject\Dataset\in\in\Maruti-Suzuki-Alto-521597c.jpg_0000_0153_0304_0149_0061.png,0,0,149,61,IN22BU0781,ok,
,0,Mahindra-Quanto-528717c.jpg_0000_0278_0512_0198_0050.png,C:\Users\shrey\Downloads\cvproject\Dataset\in\in\Mahindra-Quanto-528717c.jpg_0000_0278_0512_0198_0050.png,0,0,198,50,WB164C2063,ok,
,0,Maruti-Suzuki-Alto-528270c.jpg_0355_0259_0472_0282_0083.png,C:\Users\shrey\Downloads\cvproject\Dataset\in\in\Maruti-Suzuki-Alto-528270c.jpg_0355_0259_0472_0282_0083.png,0,0,282,83,AP28BP5030,ok,
,0,Chevrolet-Spark-526203c.jpg_0000_0215_0308_0279_0073.png,C:\Users\shrey\Downloads\cvproject\Dataset\in\in\Chevrolet-Spark-526203c.jpg_0000_0215_0308_0279_0073.png,0,0,279,73,AP29AR5889,ok,
,0,Maruti-Suzuki-Ritz-523851b.jpg_0334_0112_0376_0170_0055.png,C:\Users\shrey\Downloads\cvproject\Dataset\in\in\Maruti-Suzuki-Ritz-523851b.jpg_0334_0112_0376_0170_0055.png,0,0,170,55,IH14CS9816,ok,
,0,Chevrolet-Spark-527455c.jpg_0004_0337_0287_0203_0049.png,C:\Users\shrey\Downloads\cvproject\Dataset\in\in\Chevrolet-Spark-527455c.jpg_0004_0337_0287_0203_0049.png,0,0,203,49,PB59A1367,ok,
,0,Hyundai-i10-527133d.jpg_0015_0627_0371_0133_0047.png,C:\Users\shrey\Downloads\cvproject\Dataset\in\in\Hyundai-i10-527133d.jpg_0015_0627_0371_0133_0047.png,0,0,133,47,6J1KS6929,ok,
,0,Maruti-Suzuki-A-Star-520842b.jpg_0000_0297_0467_0222_0052.png,C:\Users\shrey\Downloads\cvproject\Dataset\in\in\Maruti-Suzuki-A-Star-520842b.jpg_0000_0297_0467_0222_0052.png,0,0,222,52,MHOZBM1873,ok,
,0,Hyundai-Verna-524863c.jpg_0000_0276_0286_0198_0058.png,C:\Users\shrey\Downloads\cvproject\Dataset\in\in\Hyundai-Verna-524863c.jpg_0000_0276_0286_0198_0058.png,0,0,198,58,PBIOCJ0029,ok,
,0,Hyundai-i10-525082b.jpg_0000_0118_0263_0122_0027.png,C:\Users\shrey\Downloads\cvproject\Dataset\in\in\Hyundai-i10-525082b.jpg_0000_0118_0263_0122_0027.png,0,0,122,27,GJHR8803,ok,
,0,Hyundai-Eon-525721b.jpg_0028_0573_0465_0125_0047.png,C:\Users\shrey\Downloads\cvproject\Dataset\in\in\Hyundai-Eon-525721b.jpg_0028_0573_0465_0125_0047.png,0,0,125,47,KLO7BU523,ok,
,0,Hyundai-i10-530190b.jpg_0338_0040_0452_0151_0058.png,C:\Users\shrey\Downloads\cvproject\Dataset\in\in\Hyundai-i10-530190b.jpg_0338_0040_0452_0151_0058.png,0,0,151,58,0LTOCA6229,ok,
,0,Maruti-Suzuki-Wagon-R-523843c.jpg_0355_0251_0345_0215_0079.png,C:\Users\shrey\Downloads\cvproject\Dataset\in\in\Maruti-Suzuki-Wagon-R-523843c.jpg_0355_0251_0345_0215_0079.png,0,0,215,79,KL57A6833,ok,
,0,Maruti-Suzuki-Alto-523942c.jpg_0359_0266_0472_0252_0072.png,C:\Users\shrey\Downloads\cvproject\Dataset\in\in\Maruti-Suzuki-Alto-523942c.jpg_0359_0266_0472_0252_0072.png,0,0,252,72,TN05AL1191,ok,
,0,Mahindra-Xylo-522884c.jpg_0000_0276_0317_0196_0056.png,C:\Users\shrey\Downloads\cvproject\Dataset\in\in\Mahindra-Xylo-522884c.jpg_0000_0276_0317_0196_0056.png,0,0,196,56,DL3CAS4229,ok,
,0,Tata-Indigo-eCS-513911d.jpg_0000_0148_0196_0182_0042.png,C:\Users\shrey\Downloads\cvproject\Dataset\in\in\Tata-Indigo-eCS-513911d.jpg_0000_0148_0196_0182_0042.png,0,0,182,42,AP2OAL6679,ok,
,0,Maruti-Suzuki-SX4-523698c.jpg_0356_0284_0278_0194_0071.png,C:\Users\shrey\Downloads\cvproject\Dataset\in\in\Maruti-Suzuki-SX4-523698c.jpg_0356_0284_0278_0194_0071.png,0,0,194,71,MHIZET7118,ok,
,0,Honda-City-529661b.jpg_0001_0229_0207_0207_0059.png,C:\Users\shrey\Downloads\cvproject\Dataset\in\in\Honda-City-529661b.jpg_0001_0229_0207_0207_0059.png,0,0,207,59,DL3CAY8618,ok,
,0,Hyundai-i10-530381c.jpg_0350_0277_0433_0192_0046.png,C:\Users\shrey\Downloads\cvproject\Dataset\in\in\Hyundai-i10-530381c.jpg_0350_0277_0433_0192_0046.png,0,0,192,46,INDAAR4483,ok,
,0,Fiat-Palio-Stile-526693c.jpg_0000_0268_0259_0161_0054.png,C:\Users\shrey\Downloads\cvproject\Dataset\in\in\Fiat-Palio-Stile-526693c.jpg_0000_0268_0259_0161_0054.png,0,0,161,54,0H054J6120,ok,
,0,Chevrolet-Spark-522822c.jpg_0000_0274_0337_0262_0061.png,C:\Users\shrey\Downloads\cvproject\Dataset\in\in\Chevrolet-Spark-522822c.jpg_0000_0274_0337_0262_0061.png,0,0,262,61,AP9BN4684,ok,
,0,Maruti-Suzuki-Wagon-R-527295c.jpg_0001_0293_0348_0227_0053.png,C:\Users\shrey\Downloads\cvproject\Dataset\in\in\Maruti-Suzuki-Wagon-R-527295c.jpg_0001_0293_0348_0227_0053.png,0,0,227,53,API1AC6483,ok,
,0,Maruti-Suzuki-Wagon-R-522229c.jpg_0000_0289_0357_0183_0045.png,C:\Users\shrey\Downloads\cvproject\Dataset\in\in\Maruti-Suzuki-Wagon-R-522229c.jpg_0000_0289_0357_0183_0045.png,0,0,183,45,MHO4EQ6832,ok,
,0,Honda-Civic-523450c.jpg_0026_0549_0446_0130_0035.png,C:\Users\shrey\Downloads\cvproject\Dataset\in\in\Honda-Civic-523450c.jpg_0026_0549_0446_0130_0035.png,0,0,130,35,HRE6MLE,ok,
,0,Maruti-Suzuki-Zen-Estilo-527386e.jpg_0000_0177_0313_0154_0042.png,C:\Users\shrey\Downloads\cvproject\Dataset\in\in\Maruti-Suzuki-Zen-Estilo-527386e.jpg_0000_0177_0313_0154_0042.png,0,0,154,42,MH02BG4844,ok,
,0,Hyundai-Eon-527663c.jpg_0012_0306_0313_0114_0027.png,C:\Users\shrey\Downloads\cvproject\Dataset\in\in\Hyundai-Eon-527663c.jpg_0012_0306_0313_0114_0027.png,0,0,114,27,4H43ANU6OL,ok,
,0,Hyundai-i20-526981c.jpg_0002_0184_0366_0174_0041.png,C:\Users\shrey\Downloads\cvproject\Dataset\in\in\Hyundai-i20-526981c.jpg_0002_0184_0366_0174_0041.png,0,0,174,41,MBOZAE3951,ok,
,0,Maruti-Suzuki-Alto-800-527041c.jpg_0000_0287_0469_0234_0060.png,C:\Users\shrey\Downloads\cvproject\Dataset\in\in\Maruti-Suzuki-Alto-800-527041c.jpg_0000_0287_0469_0234_0060.png,0,0,234,60,TN20CX4108,ok,
,0,Skoda-Fabia-517152b.jpg_0013_0493_0445_0174_0044.png,C:\Users\shrey\Downloads\cvproject\Dataset\in\in\Skoda-Fabia-517152b.jpg_0013_0493_0445_0174_0044.png,0,0,174,44,MH12EX2459,ok,
,0,Toyota-Innova-526314c.jpg_0353_0180_0454_0176_0092.png,C:\Users\shrey\Downloads\cvproject\Dataset\in\in\Toyota-Innova-526314c.jpg_0353_0180_0454_0176_0092.png,0,0,176,92,DLCAE3388,ok,
,0,Hyundai-i10-517205c.jpg_0000_0271_0381_0192_0054.png,C:\Users\shrey\Downloads\cvproject\Dataset\in\in\Hyundai-i10-517205c.jpg_0000_0271_0381_0192_0054.png,0,0,192,54,DL4CAP396,ok,
,0,Maruti-Suzuki-Swift-Dzire-526231c.jpg_0000_0254_0341_0211_0066.png,C:\Users\shrey\Downloads\cvproject\Dataset\in\in\Maruti-Suzuki-Swift-Dzire-526231c.jpg_0000_0254_0341_0211_0066.png,0,0,211,66,DL3CBJ8153,ok,
,0,Hyundai-Santro-Xing-523465b.jpg_0016_0570_0451_0146_0051.png,C:\Users\shrey\Downloads\cvproject\Dataset\in\in\Hyundai-Santro-Xing-523465b.jpg_0016_0570_0451_0146_0051.png,0,0,146,51,MHI2DS81474,ok,
,0,Maruti-Suzuki-Swift-528505c.jpg_0011_0403_0483_0198_0059.png,C:\Users\shrey\Downloads\cvproject\Dataset\in\in\Maruti-Suzuki-Swift-528505c.jpg_0011_0403_0483_0198_0059.png,0,0,198,59,MH2FF1531,ok,
,0,Volkswagen-Polo-525129c.jpg_0356_0234_0492_0282_0046.png,C:\Users\shrey\Downloads\cvproject\Dataset\in\in\Volkswagen-Polo-525129c.jpg_0356_0234_0492_0282_0046.png,0,0,282,46,AP29BM5949,ok,
,0,Maruti-Suzuki-Swift-526255c.jpg_0002_0324_0421_0208_0052.png,C:\Users\shrey\Downloads\cvproject\Dataset\in\in\Maruti-Suzuki-Swift-526255c.jpg_0002_0324_0421_0208_0052.png,0,0,208,52,WB02X5983,ok,
,0,Fiat-Palio-Stile-514964d.jpg_0334_0064_0277_0152_0049.png,C:\Users\shrey\Downloads\cvproject\Dataset\in\in\Fiat-Palio-Stile-514964d.jpg_0334_0064_0277_0152_0049.png,0,0,152,49,0HI2EX7946,ok,
,0,Skoda-Laura-529245c.jpg_0357_0208_0296_0218_0059.png,C:\Users\shrey\Downloads\cvproject\Dataset\in\in\Skoda-Laura-529245c.jpg_0357_0208_0296_0218_0059.png,0,0,218,59,MHO4EC9669,ok,
,0,Toyota-Corolla-Altis-516067e.jpg_0000_0171_0171_0108_0033.png,C:\Users\shrey\Downloads\cvproject\Dataset\in\in\Toyota-Corolla-Altis-516067e.jpg_0000_0171_0171_0108_0033.png,0,0,108,33,MHI2FU3643,ok,
,0,Hyundai-i10-527133c.jpg_0000_0285_0428_0244_0053.png,C:\Users\shrey\Downloads\cvproject\Dataset\in\in\Hyundai-i10-527133c.jpg_0000_0285_0428_0244_0053.png,0,0,244,53,GJ1KS6929,ok,
,0,Maruti-Suzuki-Alto-516983c.jpg_0000_0249_0458_0240_0056.png,C:\Users\shrey\Downloads\cvproject\Dataset\in\in\Maruti-Suzuki-Alto-516983c.jpg_0000_0249_0458_0240_0056.png,0,0,240,56,MH02C7324,ok,
,0,Honda-Accord-529499b.jpg_0000_0331_0251_0201_0047.png,C:\Users\shrey\Downloads\cvproject\Dataset\in\in\Honda-Accord-529499b.jpg_0000_0331_0251_0201_0047.png,0,0,201,47,KA03HN5959,ok,
,0,Mitsubishi-Pajero-523988c.jpg_0000_0235_0357_0205_0048.png,C:\Users\shrey\Downloads\cvproject\Dataset\in\in\Mitsubishi-Pajero-523988c.jpg_0000_0235_0357_0205_0048.png,0,0,205,48,NB06H1069,ok,
,0,Maruti-Suzuki-Swift-522885c.jpg_0000_0288_0438_0228_0053.png,C:\Users\shrey\Downloads\cvproject\Dataset\in\in\Maruti-Suzuki-Swift-522885c.jpg_0000_0288_0438_0228_0053.png,0,0,228,53,TN01AH3778,ok,
,0,Maruti-Suzuki-Wagon-R-527243c.jpg_0017_0420_0467_0114_0037.png,C:\Users\shrey\Downloads\cvproject\Dataset\in\in\Maruti-Suzuki-Wagon-R-527243c.jpg_0017_0420_0467_0114_0037.png,0,0,114,37,LHI2059002,ok,
,0,Mahindra-Scorpio-525108d.jpg_0023_0642_0388_0134_0036.png,C:\Users\shrey\Downloads\cvproject\Dataset\in\in\Mahindra-Scorpio-525108d.jpg_0023_0642_0388_0134_0036.png,0,0,134,36,MHMAW5983,ok,
,0,Maruti-Suzuki-Wagon-R-526923c.jpg_0000_0378_0297_0190_0063.png,C:\Users\shrey\Downloads\cvproject\Dataset\in\in\Maruti-Suzuki-Wagon-R-526923c.jpg_0000_0378_0297_0190_0063.png,0,0,190,63,DL3CBJ7834,ok,
,0,Honda-City-527481g.jpg_0009_0306_0205_0153_0036.png,C:\Users\shrey\Downloads\cvproject\Dataset\in\in\Honda-City-527481g.jpg_0009_0306_0205_0153_0036.png,0,0,153,36,MT02IOT4,ok,
,0,Hyundai-Santro-Xing-526236c.jpg_0000_0336_0305_0205_0082.png,C:\Users\shrey\Downloads\cvproject\Dataset\in\in\Hyundai-Santro-Xing-526236c.jpg_0000_0336_0305_0205_0082.png,0,0,205,82,DL3CBOO799,ok,
,0,Hyundai-Verna-528714c.jpg_0346_0164_0421_0267_0074.png,C:\Users\shrey\Downloads\cvproject\Dataset\in\in\Hyundai-Verna-528714c.jpg_0346_0164_0421_0267_0074.png,0,0,267,74,WBO6F81524,ok,
,0,Honda-Brio-514791c.jpg_0000_0171_0252_0147_0038.png,C:\Users\shrey\Downloads\cvproject\Dataset\in\in\Honda-Brio-514791c.jpg_0000_0171_0252_0147_0038.png,0,0,147,38,DL7CM4791,ok,
,0,Toyota-Innova-519620c.jpg_0006_0356_0372_0258_0098.png,C:\Users\shrey\Downloads\cvproject\Dataset\in\in\Toyota-Innova-519620c.jpg_0006_0356_0372_0258_0098.png,0,0,258,98,MH04CZ2827,ok,
,0,Maruti-Suzuki-Swift-525595b.jpg_0000_0322_0356_0218_0063.png,C:\Users\shrey\Downloads\cvproject\Dataset\in\in\Maruti-Suzuki-Swift-525595b.jpg_0000_0322_0356_0218_0063.png,0,0,218,63,TN01AQ8920,ok,
,0,Maruti-Suzuki-Zen-Estilo-519941c.jpg_0002_0271_0418_0196_0046.png,C:\Users\shrey\Downloads\cvproject\Dataset\in\in\Maruti-Suzuki-Zen-Estilo-519941c.jpg_0002_0271_0418_0196_0046.png,0,0,196,46,HR29U2474,ok,
,0,Toyota-Corolla-Altis-525913c.jpg_0359_0277_0333_0263_0084.png,C:\Users\shrey\Downloads\cvproject\Dataset\in\in\Toyota-Corolla-Altis-525913c.jpg_0359_0277_0333_0263_0084.png,0,0,263,84,MHO1AL9658,ok,
,0,Volkswagen-Vento-524640c.jpg_0000_0273_0307_0234_0067.png,C:\Users\shrey\Downloads\cvproject\Dataset\in\in\Volkswagen-Vento-524640c.jpg_0000_0273_0307_0234_0067.png,0,0,234,67,KHO2CD8833,ok,
,0,Maruti-Suzuki-Alto-512537c.jpg_0000_0177_0184_0135_0049.png,C:\Users\shrey\Downloads\cvproject\Dataset\in\in\Maruti-Suzuki-Alto-512537c.jpg_0000_0177_0184_0135_0049.png,0,0,135,49,HH05BLI822,ok,
,0,Chevrolet-Optra-Magnum-527337c.jpg_0000_0152_0207_0104_0028.png,C:\Users\shrey\Downloads\cvproject\Dataset\in\in\Chevrolet-Optra-Magnum-527337c.jpg_0000_0152_0207_0104_0028.png,0,0,104,28,TN20BS5797,ok,
,0,Ford-Figo-525172c.jpg_0000_0239_0277_0278_0077.png,C:\Users\shrey\Downloads\cvproject\Dataset\in\in\Ford-Figo-525172c.jpg_0000_0239_0277_0278_0077.png,0,0,278,77,AP36AH5297,ok,
,0,Maruti-Suzuki-Alto-510127c.jpg_0000_0318_0318_0227_0053.png,C:\Users\shrey\Downloads\cvproject\Dataset\in\in\Maruti-Suzuki-Alto-510127c.jpg_0000_0318_0318_0227_0053.png,0,0,227,53,MH43AF8411,ok,
,0,Chevrolet-Beat-527214d.jpg_0000_0286_0240_0215_0059.png,C:\Users\shrey\Downloads\cvproject\Dataset\in\in\Chevrolet-Beat-527214d.jpg_0000_0286_0240_0215_0059.png,0,0,215,59,MH04EA6281,ok,
,0,Chevrolet-Spark-528082b.jpg_0340_0129_0368_0079_0040.png,C:\Users\shrey\Downloads\cvproject\Dataset\in\in\Chevrolet-Spark-528082b.jpg_0340_0129_0368_0079_0040.png,0,0,79,40,MH4RP7S0,ok,
,0,Chevrolet-Cruze-527718f.jpg_0016_0352_0292_0101_0025.png,C:\Users\shrey\Downloads\cvproject\Dataset\in\in\Chevrolet-Cruze-527718f.jpg_0016_0352_0292_0101_0025.png,0,0,101,25,MH43IN4SSI,ok,
,0,Hyundai-i10-518863d.jpg_0016_0456_0503_0167_0041.png,C:\Users\shrey\Downloads\cvproject\Dataset\in\in\Hyundai-i10-518863d.jpg_0016_0456_0503_0167_0041.png,0,0,167,41,TN06F1142,ok,
,0,Maruti-Suzuki-Swift-525066c.jpg_0337_0074_0451_0168_0055.png,C:\Users\shrey\Downloads\cvproject\Dataset\in\in\Maruti-Suzuki-Swift-525066c.jpg_0337_0074_0451_0168_0055.png,0,0,168,55,HHHIZFU5326,ok,
,0,Volkswagen-Vento-528042c.jpg_0000_0285_0321_0260_0048.png,C:\Users\shrey\Downloads\cvproject\Dataset\in\in\Volkswagen-Vento-528042c.jpg_0000_0285_0321_0260_0048.png,0,0,260,48,WB2010369,ok,
,0,Hyundai-i10-525082c.jpg_0011_0210_0246_0111_0026.png,C:\Users\shrey\Downloads\cvproject\Dataset\in\in\Hyundai-i10-525082c.jpg_0011_0210_0246_0111_0026.png,0,0,111,26,G714A86Q2,ok,
,0,Maruti-Suzuki-Wagon-R-Duo-527599c.jpg_0000_0304_0324_0229_0059.png,C:\Users\shrey\Downloads\cvproject\Dataset\in\in\Maruti-Suzuki-Wagon-R-Duo-527599c.jpg_0000_0304_0324_0229_0059.png,0,0,229,59,AP09BU5816,ok,
,0,Honda-City-ZX-527160c.jpg_0000_0269_0267_0213_0067.png,C:\Users\shrey\Downloads\cvproject\Dataset\in\in\Honda-City-ZX-527160c.jpg_0000_0269_0267_0213_0067.png,0,0,213,67,MH43,ok,
,0,Hyundai-Accent-521658c.jpg_0000_0158_0211_0142_0039.png,C:\Users\shrey\Downloads\cvproject\Dataset\in\in\Hyundai-Accent-521658c.jpg_0000_0158_0211_0142_0039.png,0,0,142,39,DLIOCA1436,ok,
,0,Hyundai-i20-525564d.jpg_0003_0243_0381_0170_0040.png,C:\Users\shrey\Downloads\cvproject\Dataset\in\in\Hyundai-i20-525564d.jpg_0003_0243_0381_0170_0040.png,0,0,170,40,WBO6C9765,ok,
,0,Maruti-Suzuki-Swift-Dzire-522066d.jpg_0353_0165_0393_0263_0070.png,C:\Users\shrey\Downloads\cvproject\Dataset\in\in\Maruti-Suzuki-Swift-Dzire-522066d.jpg_0353_0165_0393_0263_0070.png,0,0,263,70,TNO4AE7441,ok,
,0,Maruti-Suzuki-Swift-522753b.jpg_0342_0054_0462_0163_0062.png,C:\Users\shrey\Downloads\cvproject\Dataset\in\in\Maruti-Suzuki-Swift-522753b.jpg_0342_0054_0462_0163_0062.png,0,0,163,62,HHILCKO6O7,ok,
,0,Maruti-Suzuki-Omni-523902c.jpg_0358_0239_0423_0239_0056.png,C:\Users\shrey\Downloads\cvproject\Dataset\in\in\Maruti-Suzuki-Omni-523902c.jpg_0358_0239_0423_0239_0056.png,0,0,239,56,DL3CBS0440,ok,
,0,Maruti-Suzuki-Alto-521000f.jpg_0350_0168_0527_0224_0044.png,C:\Users\shrey\Downloads\cvproject\Dataset\in\in\Maruti-Suzuki-Alto-521000f.jpg_0350_0168_0527_0224_0044.png,0,0,224,44,IMOZA08660,ok,
,0,Maruti-Suzuki-Wagon-R-Duo-527769c.jpg_0000_0303_0331_0238_0063.png,C:\Users\shrey\Downloads\cvproject\Dataset\in\in\Maruti-Suzuki-Wagon-R-Duo-527769c.jpg_0000_0303_0331_0238_0063.png,0,0,238,63,AP9CA963,ok,
,0,Toyota-Corolla-Altis-525870b.jpg_0356_0278_0314_0270_0065.png,C:\Users\shrey\Downloads\cvproject\Dataset\in\in\Toyota-Corolla-Altis-525870b.jpg_0356_0278_0314_0270_0065.png,0,0,270,65,MHAAX3148,ok,
,0,Maruti-Suzuki-SX4-524748c.jpg_0000_0288_0301_0190_0054.png,C:\Users\shrey\Downloads\cvproject\Dataset\in\in\Maruti-Suzuki-SX4-524748c.jpg_0000_0288_0301_0190_0054.png,0,0,190,54,H132HZ4414,ok,
,0,Maruti-Suzuki-Swift-Dzire-526325c.jpg_0359_0227_0351_0242_0060.png,C:\Users\shrey\Downloads\cvproject\Dataset\in\in\Maruti-Suzuki-Swift-Dzire-526325c.jpg_0359_0227_0351_0242_0060.png,0,0,242,60,DLICL7212,ok,
,0,Mahindra-Scorpio-528969c.jpg_0000_0273_0372_0230_0057.png,C:\Users\shrey\Downloads\cvproject\Dataset\in\in\Mahindra-Scorpio-528969c.jpg_0000_0273_0372_0230_0057.png,0,0,230,57,AP0LQ499,ok,
,0,Chevrolet-Spark-516577b.jpg_0340_0060_0347_0134_0035.png,C:\Users\shrey\Downloads\cvproject\Dataset\in\in\Chevrolet-Spark-516577b.jpg_0340_0060_0347_0134_0035.png,0,0,134,35,A2EG5878,ok,
,0,Mahindra-XUV-500-529230d.jpg_0000_0497_0300_0111_0054.png,C:\Users\shrey\Downloads\cvproject\Dataset\in\in\Mahindra-XUV-500-529230d.jpg_0000_0497_0300_0111_0054.png,0,0,111,54,MHTLDA0579,ok,
,0,Mahindra-Scorpio-525108c.jpg_0353_0270_0352_0168_0060.png,C:\Users\shrey\Downloads\cvproject\Dataset\in\in\Mahindra-Scorpio-525108c.jpg_0353_0270_0352_0168_0060.png,0,0,168,60,MKMAW5993,ok,
,0,Maruti-Suzuki-Ertiga-528640c.jpg_0000_0272_0486_0287_0067.png,C:\Users\shrey\Downloads\cvproject\Dataset\in\in\Maruti-Suzuki-Ertiga-528640c.jpg_0000_0272_0486_0287_0067.png,0,0,287,67,AP10BB3651,ok,
,0,Hyundai-Verna-528218g.jpg_0000_0118_0196_0116_0031.png,C:\Users\shrey\Downloads\cvproject\Dataset\in\in\Hyundai-Verna-528218g.jpg_0000_0118_0196_0116_0031.png,0,0,116,31,ENHL3V4129,ok,
,0,Hyundai-Santro-Xing-526618d.jpg_0026_0625_0373_0094_0042.png,C:\Users\shrey\Downloads\cvproject\Dataset\in\in\Hyundai-Santro-Xing-526618d.jpg_0026_0625_0373_0094_0042.png,0,0,94,42,0ICS414,ok,
,0,Skoda-Fabia-520019h.jpg_0000_0283_0326_0212_0107.png,C:\Users\shrey\Downloads\cvproject\Dataset\in\in\Skoda-Fabia-520019h.jpg_0000_0283_0326_0212_0107.png,0,0,212,107,DL3CBM6489,ok,
,0,Maruti-Suzuki-Ertiga-525955g.jpg_0011_0588_0403_0122_0042.png,C:\Users\shrey\Downloads\cvproject\Dataset\in\in\Maruti-Suzuki-Ertiga-525955g.jpg_0011_0588_0403_0122_0042.png,0,0,122,42,W51MC6209,ok,
,0,Maruti-Suzuki-Alto-520547c.jpg_0357_0134_0227_0155_0045.png,C:\Users\shrey\Downloads\cvproject\Dataset\in\in\Maruti-Suzuki-Alto-520547c.jpg_0357_0134_0227_0155_0045.png,0,0,155,45,KLLIF9141,ok,
,0,Hyundai-i20-525750b.jpg_0000_0289_0472_0216_0039.png,C:\Users\shrey\Downloads\cvproject\Dataset\in\in\Hyundai-i20-525750b.jpg_0000_0289_0472_0216_0039.png,0,0,216,39,TN02AV6916,ok,
,0,Hyundai-i10-526219b.jpg_0034_0591_0510_0138_0031.png,C:\Users\shrey\Downloads\cvproject\Dataset\in\in\Hyundai-i10-526219b.jpg_0034_0591_0510_0138_0031.png,0,0,138,31,WXTLCE9,ok,
,0,Hyundai-i20-530379c.jpg_0001_0299_0480_0216_0050.png,C:\Users\shrey\Downloads\cvproject\Dataset\in\in\Hyundai-i20-530379c.jpg_0001_0299_0480_0216_0050.png,0,0,216,50,TNLOAF1638,ok,
,0,Honda-Civic-528703c.jpg_0000_0247_0299_0231_0074.png,C:\Users\shrey\Downloads\cvproject\Dataset\in\in\Honda-Civic-528703c.jpg_0000_0247_0299_0231_0074.png,0,0,231,74,WB02Z29081,ok,
,0,Maruti-Suzuki-A-Star-520105c.jpg_0000_0139_0253_0142_0041.png,C:\Users\shrey\Downloads\cvproject\Dataset\in\in\Maruti-Suzuki-A-Star-520105c.jpg_0000_0139_0253_0142_0041.png,0,0,142,41,KL48A7761,ok,
,0,Maruti-Suzuki-Alto-526884f.jpg_0333_0071_0392_0141_0036.png,C:\Users\shrey\Downloads\cvproject\Dataset\in\in\Maruti-Suzuki-Alto-526884f.jpg_0333_0071_0392_0141_0036.png,0,0,141,36,NMZUC4902,ok,
,0,Ford-Figo-518039c.jpg_0000_0234_0298_0228_0062.png,C:\Users\shrey\Downloads\cvproject\Dataset\in\in\Ford-Figo-518039c.jpg_0000_0234_0298_0228_0062.png,0,0,228,62,TN05AM1878,ok,
,0,Maruti-Suzuki-Swift-525735b.jpg_0341_0074_0470_0153_0064.png,C:\Users\shrey\Downloads\cvproject\Dataset\in\in\Maruti-Suzuki-Swift-525735b.jpg_0341_0074_0470_0153_0064.png,0,0,153,64,MIDY88061,ok,
,0,Renault-Duster-529592e.jpg_0000_0304_0284_0177_0045.png,C:\Users\shrey\Downloads\cvproject\Dataset\in\in\Renault-Duster-529592e.jpg_0000_0304_0284_0177_0045.png,0,0,177,45,KA04ML3183,ok,
,0,Hyundai-i20-520950c.jpg_0003_0101_0187_0087_0020.png,C:\Users\shrey\Downloads\cvproject\Dataset\in\in\Hyundai-i20-520950c.jpg_0003_0101_0187_0087_0020.png,0,0,87,20,H8RM5254,ok,
,0,Maruti-Suzuki-A-Star-515301b.jpg_0352_0208_0332_0226_0068.png,C:\Users\shrey\Downloads\cvproject\Dataset\in\in\Maruti-Suzuki-A-Star-515301b.jpg_0352_0208_0332_0226_0068.png,0,0,226,68,TN22CZ4300,ok,
,0,Tata-Indica-Vista-528459c.jpg_0000_0323_0455_0186_0043.png,C:\Users\shrey\Downloads\cvproject\Dataset\in\in\Tata-Indica-Vista-528459c.jpg_0000_0323_0455_0186_0043.png,0,0,186,43,WB069998,ok,
,0,Honda-Civic-529615e.jpg_0000_0310_0256_0170_0048.png,C:\Users\shrey\Downloads\cvproject\Dataset\in\in\Honda-Civic-529615e.jpg_0000_0310_0256_0170_0048.png,0,0,170,48,KA02ME3286,ok,
,0,Hyundai-Santro-Xing-527023b.jpg_0000_0152_0195_0091_0024.png,C:\Users\shrey\Downloads\cvproject\Dataset\in\in\Hyundai-Santro-Xing-527023b.jpg_0000_0152_0195_0091_0024.png,0,0,91,24,IN02400618,ok,
,0,Maruti-Suzuki-A-Star-528723b.jpg_0350_0201_0398_0200_0057.png,C:\Users\shrey\Downloads\cvproject\Dataset\in\in\Maruti-Suzuki-A-Star-528723b.jpg_0350_0201_0398_0200_0057.png,0,0,200,57,WBO6452581,ok,
,0,Maruti-Suzuki-Ritz-526858c.jpg_0000_0335_0250_0194_0050.png,C:\Users\shrey\Downloads\cvproject\Dataset\in\in\Maruti-Suzuki-Ritz-526858c.jpg_0000_0335_0250_0194_0050.png,0,0,194,50,MHO4EX1364,ok,
,0,Hyundai-Santro-528482c.jpg_0000_0257_0328_0295_0092.png,C:\Users\shrey\Downloads\cvproject\Dataset\in\in\Hyundai-Santro-528482c.jpg_0000_0257_0328_0295_0092.png,0,0,295,92,APIOAL1720,ok,
,0,Maruti-Suzuki-Esteem-523244b.jpg_0000_0090_0285_0110_0040.png,C:\Users\shrey\Downloads\cvproject\Dataset\in\in\Maruti-Suzuki-Esteem-523244b.jpg_0000_0090_0285_0110_0040.png,0,0,110,40,DL9CM4434,ok,
,0,Maruti-Suzuki-Swift-Dzire-526373c.jpg_0000_0290_0417_0168_0044.png,C:\Users\shrey\Downloads\cvproject\Dataset\in\in\Maruti-Suzuki-Swift-Dzire-526373c.jpg_0000_0290_0417_0168_0044.png,0,0,168,44,BRO1AQ6991,ok,
,0,Honda-Amaze-527610c.jpg_0000_0299_0296_0270_0081.png,C:\Users\shrey\Downloads\cvproject\Dataset\in\in\Honda-Amaze-527610c.jpg_0000_0299_0296_0270_0081.png,0,0,270,81,GJARA8132,ok,
,0,Hyundai-i20-525615c.jpg_0000_0288_0410_0204_0048.png,C:\Users\shrey\Downloads\cvproject\Dataset\in\in\Hyundai-i20-525615c.jpg_0000_0288_0410_0204_0048.png,0,0,204,48,HHILBX2323,ok,
,0,Hyundai-i20-527396b.jpg_0000_0356_0428_0209_0049.png,C:\Users\shrey\Downloads\cvproject\Dataset\in\in\Hyundai-i20-527396b.jpg_0000_0356_0428_0209_0049.png,0,0,209,49,MH12GK4908,ok,
,0,Hyundai-Santro-Xing-521263b.jpg_0357_0295_0511_0215_0042.png,C:\Users\shrey\Downloads\cvproject\Dataset\in\in\Hyundai-Santro-Xing-521263b.jpg_0357_0295_0511_0215_0042.png,0,0,215,42,L1OCD7259,ok,
,0,Maruti-Suzuki-Swift-Dzire-528449c.jpg_0000_0597_0238_0185_0093.png,C:\Users\shrey\Downloads\cvproject\Dataset\in\in\Maruti-Suzuki-Swift-Dzire-528449c.jpg_0000_0597_0238_0185_0093.png,0,0,185,93,0L2CAS0367,ok,
,0,Maruti-Suzuki-Alto-520294c.jpg_0000_0310_0492_0245_0053.png,C:\Users\shrey\Downloads\cvproject\Dataset\in\in\Maruti-Suzuki-Alto-520294c.jpg_0000_0310_0492_0245_0053.png,0,0,245,53,MB0666875,ok,
,0,Toyota-Innova-526970c.jpg_0000_0157_0192_0122_0031.png,C:\Users\shrey\Downloads\cvproject\Dataset\in\in\Toyota-Innova-526970c.jpg_0000_0157_0192_0122_0031.png,0,0,122,31,MHAY4723,ok,
,0,Mahindra-Xylo-520556c.jpg_0000_0288_0259_0230_0067.png,C:\Users\shrey\Downloads\cvproject\Dataset\in\in\Mahindra-Xylo-520556c.jpg_0000_0288_0259_0230_0067.png,0,0,230,67,AP26AD199,ok,
,0,Hyundai-Accent-528463d.jpg_0000_0248_0236_0231_0056.png,C:\Users\shrey\Downloads\cvproject\Dataset\in\in\Hyundai-Accent-528463d.jpg_0000_0248_0236_0231_0056.png,0,0,231,56,HH12ET8673WE,ok,
,0,Honda-City-ZX-529890b.jpg_0345_0176_0372_0136_0049.png,C:\Users\shrey\Downloads\cvproject\Dataset\in\in\Honda-City-ZX-529890b.jpg_0345_0176_0372_0136_0049.png,0,0,136,49,MI2PYZ609,ok,
,0,Volkswagen-Passat-528655b.jpg_0353_0216_0366_0224_0052.png,C:\Users\shrey\Downloads\cvproject\Dataset\in\in\Volkswagen-Passat-528655b.jpg_0353_0216_0366_0224_0052.png,0,0,224,52,MH09BZ6400,ok,
,0,Maruti-Suzuki-Swift-518233c.jpg_0000_0178_0266_0124_0048.png,C:\Users\shrey\Downloads\cvproject\Dataset\in\in\Maruti-Suzuki-Swift-518233c.jpg_0000_0178_0266_0124_0048.png,0,0,124,48,TN10U5733,ok,
,0,Honda-Civic-521015b.jpg_0343_0065_0495_0170_0058.png,C:\Users\shrey\Downloads\cvproject\Dataset\in\in\Honda-Civic-521015b.jpg_0343_0065_0495_0170_0058.png,0,0,170,58,HHILBRO365,ok,
,0,Hyundai-i20-523669e.jpg_0002_0340_0460_0226_0053.png,C:\Users\shrey\Downloads\cvproject\Dataset\in\in\Hyundai-i20-523669e.jpg_0002_0340_0460_0226_0053.png,0,0,226,53,TNI0AF1638,ok,
,0,Chevrolet-Tavera-523920b.jpg_0000_0184_0188_0103_0030.png,C:\Users\shrey\Downloads\cvproject\Dataset\in\in\Chevrolet-Tavera-523920b.jpg_0000_0184_0188_0103_0030.png,0,0,103,30,MPAIBC0360,ok,
,0,Chevrolet-Beat-528842d.jpg_0327_0737_0368_0096_0024.png,C:\Users\shrey\Downloads\cvproject\Dataset\in\in\Chevrolet-Beat-528842d.jpg_0327_0737_0368_0096_0024.png,0,0,96,24,TL0I,ok,
,0,Maruti-Suzuki-Swift-527679c.jpg_0000_0296_0460_0257_0068.png,C:\Users\shrey\Downloads\cvproject\Dataset\in\in\Maruti-Suzuki-Swift-527679c.jpg_0000_0296_0460_0257_0068.png,0,0,257,68,AP1OAP6069,ok,
,0,Hyundai-Fluidic-Verna-530400d.jpg_0000_0287_0430_0239_0060.png,C:\Users\shrey\Downloads\cvproject\Dataset\in\in\Hyundai-Fluidic-Verna-530400d.jpg_0000_0287_0430_0239_0060.png,0,0,239,60,KLOSAE3553,ok,
,0,Hyundai-i10-527770c.jpg_0349_0188_0390_0118_0036.png,C:\Users\shrey\Downloads\cvproject\Dataset\in\in\Hyundai-i10-527770c.jpg_0349_0188_0390_0118_0036.png,0,0,118,36,TH22BS6660,ok,
,0,Maruti-Suzuki-Swift-522747c.jpg_0332_0009_0361_0188_0058.png,C:\Users\shrey\Downloads\cvproject\Dataset\in\in\Maruti-Suzuki-Swift-522747c.jpg_0332_0009_0361_0188_0058.png,0,0,188,58,DL9CS7560,ok,
,0,Maruti-Suzuki-SX4-527271c.jpg_0004_0308_0247_0224_0064.png,C:\Users\shrey\Downloads\cvproject\Dataset\in\in\Maruti-Suzuki-SX4-527271c.jpg_0004_0308_0247_0224_0064.png,0,0,224,64,PB37FE8999,ok,
,0,Honda-City-527275c.jpg_0000_0267_0317_0292_0082.png,C:\Users\shrey\Downloads\cvproject\Dataset\in\in\Honda-City-527275c.jpg_0000_0267_0317_0292_0082.png,0,0,292,82,WB06C1139,ok,
,0,Toyota-Etios-Liva-521420c.jpg_0000_0309_0419_0161_0050.png,C:\Users\shrey\Downloads\cvproject\Dataset\in\in\Toyota-Etios-Liva-521420c.jpg_0000_0309_0419_0161_0050.png,0,0,161,50,MH02CZBA4,ok,
,0,Mahindra-Xylo-524363c.jpg_0339_0066_0425_0156_0038.png,C:\Users\shrey\Downloads\cvproject\Dataset\in\in\Mahindra-Xylo-524363c.jpg_0339_0066_0425_0156_0038.png,0,0,156,38,47212DSE,ok,
,0,Volkswagen-Vento-514293c.jpg_0000_0151_0195_0123_0029.png,C:\Users\shrey\Downloads\cvproject\Dataset\in\in\Volkswagen-Vento-514293c.jpg_0000_0151_0195_0123_0029.png,0,0,123,29,MH14DF7259,ok,
,0,Chevrolet-Spark-525141b.jpg_0357_0298_0432_0119_0049.png,C:\Users\shrey\Downloads\cvproject\Dataset\in\in\Chevrolet-Spark-525141b.jpg_0357_0298_0432_0119_0049.png,0,0,119,49,MH42GV4495,ok,
,0,Honda-Brio-526172b.jpg_0340_0042_0478_0149_0040.png,C:\Users\shrey\Downloads\cvproject\Dataset\in\in\Honda-Brio-526172b.jpg_0340_0042_0478_0149_0040.png,0,0,149,40,UIZKZ7607,ok,
,0,Hyundai-i10-528491c.jpg_0002_0294_0485_0259_0079.png,C:\Users\shrey\Downloads\cvproject\Dataset\in\in\Hyundai-i10-528491c.jpg_0002_0294_0485_0259_0079.png,0,0,259,79,AP28DN6507,ok,
,0,Maruti-Suzuki-Wagon-R-527497c.jpg_0072_0662_0153_0150_0046.png,C:\Users\shrey\Downloads\cvproject\Dataset\in\in\Maruti-Suzuki-Wagon-R-527497c.jpg_0072_0662_0153_0150_0046.png,0,0,150,46,MH02BJ9209,ok,
,0,Hyundai-Santro-Xing-529424c.jpg_0000_0311_0407_0186_0043.png,C:\Users\shrey\Downloads\cvproject\Dataset\in\in\Hyundai-Santro-Xing-529424c.jpg_0000_0311_0407_0186_0043.png,0,0,186,43,UP16AN0179,ok,
,0,Toyota-Corolla-530358c.jpg_0001_0331_0339_0180_0086.png,C:\Users\shrey\Downloads\cvproject\Dataset\in\in\Toyota-Corolla-530358c.jpg_0001_0331_0339_0180_0086.png,0,0,180,86,IDL4CAE0321,ok,
,0,Maruti-Suzuki-Swift-Dzire-525962b.jpg_0000_0284_0477_0215_0057.png,C:\Users\shrey\Downloads\cvproject\Dataset\in\in\Maruti-Suzuki-Swift-Dzire-525962b.jpg_0000_0284_0477_0215_0057.png,0,0,215,57,KAOBMN6893,ok,
,0,Maruti-Suzuki-A-Star-528975c.jpg_0358_0279_0364_0198_0063.png,C:\Users\shrey\Downloads\cvproject\Dataset\in\in\Maruti-Suzuki-A-Star-528975c.jpg_0358_0279_0364_0198_0063.png,0,0,198,63,TN20CX2288,ok,
,0,Maruti-Suzuki-Swift-524509b.jpg_0325_0043_0399_0144_0039.png,C:\Users\shrey\Downloads\cvproject\Dataset\in\in\Maruti-Suzuki-Swift-524509b.jpg_0325_0043_0399_0144_0039.png,0,0,144,39,WH14OT8623,ok,
,0,Honda-Civic-526867b.jpg_0333_-019_0385_0154_0044.png,C:\Users\shrey\Downloads\cvproject\Dataset\in\in\Honda-Civic-526867b.jpg_0333_-019_0385_0154_0044.png,0,0,154,44,HEO077,ok,
,0,Hyundai-Eon-527663g.jpg_0348_0076_0290_0138_0043.png,C:\Users\shrey\Downloads\cvproject\Dataset\in\in\Hyundai-Eon-527663g.jpg_0348_0076_0290_0138_0043.png,0,0,138,43,SHTLBANO64,ok,
,0,Hyundai-i10-526446f.jpg_0038_0636_0516_0168_0050.png,C:\Users\shrey\Downloads\cvproject\Dataset\in\in\Hyundai-i10-526446f.jpg_0038_0636_0516_0168_0050.png,0,0,168,50,KL4SB6567,ok,
,0,Hyundai-Verna-524841c.jpg_0000_0351_0292_0199_0058.png,C:\Users\shrey\Downloads\cvproject\Dataset\in\in\Hyundai-Verna-524841c.jpg_0000_0351_0292_0199_0058.png,0,0,199,58,PB075629,ok,
,0,Hyundai-i10-525932c.jpg_0010_0379_0527_0221_0056.png,C:\Users\shrey\Downloads\cvproject\Dataset\in\in\Hyundai-i10-525932c.jpg_0010_0379_0527_0221_0056.png,0,0,221,56,MH42K3981,ok,
,0,Chevrolet-Cruze-528533c.jpg_0000_0245_0325_0188_0044.png,C:\Users\shrey\Downloads\cvproject\Dataset\in\in\Chevrolet-Cruze-528533c.jpg_0000_0245_0325_0188_0044.png,0,0,188,44,MA92FADEB,ok,
,0,Maruti-Suzuki-Swift-Dzire-524131d.jpg_0007_0196_0238_0150_0045.png,C:\Users\shrey\Downloads\cvproject\Dataset\in\in\Maruti-Suzuki-Swift-Dzire-524131d.jpg_0007_0196_0238_0150_0045.png,0,0,150,45,MH3IC57301,ok,
,0,BMW-3-Series-528819e.jpg_0000_0310_0268_0192_0061.png,C:\Users\shrey\Downloads\cvproject\Dataset\in\in\BMW-3-Series-528819e.jpg_0000_0310_0268_0192_0061.png,0,0,192,61,VS1968,ok,
,0,Maruti-Suzuki-Alto-521175b.jpg_0000_0268_0528_0252_0059.png,C:\Users\shrey\Downloads\cvproject\Dataset\in\in\Maruti-Suzuki-Alto-521175b.jpg_0000_0268_0528_0252_0059.png,0,0,252,59,WB062182,ok,
,0,Maruti-Suzuki-Wagon-R-520114d.jpg_0019_0538_0430_0161_0047.png,C:\Users\shrey\Downloads\cvproject\Dataset\in\in\Maruti-Suzuki-Wagon-R-520114d.jpg_0019_0538_0430_0161_0047.png,0,0,161,47,MH03BH3289,ok,
,0,Tata-Indica-Vista-522434c.jpg_0000_0305_0493_0254_0059.png,C:\Users\shrey\Downloads\cvproject\Dataset\in\in\Tata-Indica-Vista-522434c.jpg_0000_0305_0493_0254_0059.png,0,0,254,59,AP23AE4446,ok,
,0,Maruti-Suzuki-Alto-519481c.jpg_0000_0237_0507_0283_0089.png,C:\Users\shrey\Downloads\cvproject\Dataset\in\in\Maruti-Suzuki-Alto-519481c.jpg_0000_0237_0507_0283_0089.png,0,0,283,89,AP29AJ8241,ok,
,0,Maruti-Suzuki-Ritz-523421c.jpg_0000_0275_0368_0187_0041.png,C:\Users\shrey\Downloads\cvproject\Dataset\in\in\Maruti-Suzuki-Ritz-523421c.jpg_0000_0275_0368_0187_0041.png,0,0,187,41,AJ0651,ok,
,0,Volkswagen-Vento-524292c.jpg_0022_0572_0335_0166_0058.png,C:\Users\shrey\Downloads\cvproject\Dataset\in\in\Volkswagen-Vento-524292c.jpg_0022_0572_0335_0166_0058.png,0,0,166,58,MH42H9917,ok,
,0,Maruti-Suzuki-Alto-521149c.jpg_0355_0298_0500_0222_0071.png,C:\Users\shrey\Downloads\cvproject\Dataset\in\in\Maruti-Suzuki-Alto-521149c.jpg_0355_0298_0500_0222_0071.png,0,0,222,71,DLZCAH5398,ok,
,0,Maruti-Suzuki-Alto-528635g.jpg_0018_0454_0251_0121_0051.png,C:\Users\shrey\Downloads\cvproject\Dataset\in\in\Maruti-Suzuki-Alto-528635g.jpg_0018_0454_0251_0121_0051.png,0,0,121,51,WB248IDLI,ok,
,0,Chevrolet-Captiva-524767c.jpg_0029_0460_0242_0120_0032.png,C:\Users\shrey\Downloads\cvproject\Dataset\in\in\Chevrolet-Captiva-524767c.jpg_0029_0460_0242_0120_0032.png,0,0,120,32,OLI3CA3456,ok,
,0,Chevrolet-Beat-530356c.jpg_0000_0258_0394_0193_0059.png,C:\Users\shrey\Downloads\cvproject\Dataset\in\in\Chevrolet-Beat-530356c.jpg_0000_0258_0394_0193_0059.png,0,0,193,59,L030,ok,
,0,Honda-Civic-527931h.jpg_0358_0268_0279_0268_0079.png,C:\Users\shrey\Downloads\cvproject\Dataset\in\in\Honda-Civic-527931h.jpg_0358_0268_0279_0268_0079.png,0,0,268,79,MHO4CTZ694,ok,
,0,Maruti-Suzuki-Swift-Dzire-527180b.jpg_0331_0085_0328_0175_0043.png,C:\Users\shrey\Downloads\cvproject\Dataset\in\in\Maruti-Suzuki-Swift-Dzire-527180b.jpg_0331_0085_0328_0175_0043.png,0,0,175,43,MHOLEQ1486,ok,
,0,Honda-City-530398c.jpg_0350_0173_0348_0220_0079.png,C:\Users\shrey\Downloads\cvproject\Dataset\in\in\Honda-City-530398c.jpg_0350_0173_0348_0220_0079.png,0,0,220,79,HH12HL9421,ok,
,0,Maruti-Suzuki-Swift-525439c.jpg_0004_0301_0495_0215_0050.png,C:\Users\shrey\Downloads\cvproject\Dataset\in\in\Maruti-Suzuki-Swift-525439c.jpg_0004_0301_0495_0215_0050.png,0,0,215,50,UP14AY2019,ok,
,0,BMW-5-Series-524359c.jpg_0000_0065_0186_0121_0058.png,C:\Users\shrey\Downloads\cvproject\Dataset\in\in\BMW-5-Series-524359c.jpg_0000_0065_0186_0121_0058.png,0,0,121,58,HR26B60383,ok,
,0,Honda-City-ZX-528549b.jpg_0000_0118_0485_0112_0078.png,C:\Users\shrey\Downloads\cvproject\Dataset\in\in\Honda-City-ZX-528549b.jpg_0000_0118_0485_0112_0078.png,0,0,112,78,IMXG9EE4445,ok,
,0,Hyundai-i10-529678d.jpg_0352_0176_0362_0171_0051.png,C:\Users\shrey\Downloads\cvproject\Dataset\in\in\Hyundai-i10-529678d.jpg_0352_0176_0362_0171_0051.png,0,0,171,51,DL7CL4589,ok,
,0,Maruti-Suzuki-Alto-528260d.jpg_0352_0228_0469_0274_0068.png,C:\Users\shrey\Downloads\cvproject\Dataset\in\in\Maruti-Suzuki-Alto-528260d.jpg_0352_0228_0469_0274_0068.png,0,0,274,68,APO9BW4601,ok,
,0,Hyundai-i10-526778c.jpg_0002_0298_0503_0237_0055.png,C:\Users\shrey\Downloads\cvproject\Dataset\in\in\Hyundai-i10-526778c.jpg_0002_0298_0503_0237_0055.png,0,0,237,55,MHO1AE9545,ok,
,0,Ford-Figo-514785h.jpg_0000_0247_0335_0292_0069.png,C:\Users\shrey\Downloads\cvproject\Dataset\in\in\Ford-Figo-514785h.jpg_0000_0247_0335_0292_0069.png,0,0,292,69,GJ1KN7175,ok,
,0,Hyundai-i10-522757b.jpg_0000_0299_0536_0251_0053.png,C:\Users\shrey\Downloads\cvproject\Dataset\in\in\Hyundai-i10-522757b.jpg_0000_0299_0536_0251_0053.png,0,0,251,53,DL2CAM0312,ok,
,0,Chevrolet-Tavera-523056b.jpg_0000_0177_0180_0119_0052.png,C:\Users\shrey\Downloads\cvproject\Dataset\in\in\Chevrolet-Tavera-523056b.jpg_0000_0177_0180_0119_0052.png,0,0,119,52,MPAIBC0360,ok,
,0,Fiat-Linea-521577c.jpg_0000_0324_0445_0171_0054.png,C:\Users\shrey\Downloads\cvproject\Dataset\in\in\Fiat-Linea-521577c.jpg_0000_0324_0445_0171_0054.png,0,0,171,54,WB06C2773,ok,
,0,Hyundai-i10-523457c.jpg_0013_0371_0530_0214_0057.png,C:\Users\shrey\Downloads\cvproject\Dataset\in\in\Hyundai-i10-523457c.jpg_0013_0371_0530_0214_0057.png,0,0,214,57,TN07BJ8128,ok,
,0,Fiat-Grande-Punto-527738g.jpg_0018_0338_0296_0111_0041.png,C:\Users\shrey\Downloads\cvproject\Dataset\in\in\Fiat-Grande-Punto-527738g.jpg_0018_0338_0296_0111_0041.png,0,0,111,41,MK0ZBIL6107,ok,
,0,Hyundai-i10-521160c.jpg_0002_0289_0462_0199_0063.png,C:\Users\shrey\Downloads\cvproject\Dataset\in\in\Hyundai-i10-521160c.jpg_0002_0289_0462_0199_0063.png,0,0,199,63,MH03AR3037,ok,
,0,Hyundai-i20-523669c.jpg_0352_0112_0433_0153_0037.png,C:\Users\shrey\Downloads\cvproject\Dataset\in\in\Hyundai-i20-523669c.jpg_0352_0112_0433_0153_0037.png,0,0,153,37,AI810461628,ok,
,0,Tata-Manza-525789c.jpg_0359_0288_0309_0265_0071.png,C:\Users\shrey\Downloads\cvproject\Dataset\in\in\Tata-Manza-525789c.jpg_0359_0288_0309_0265_0071.png,0,0,265,71,GJLKH3Z9,ok,
,0,Maruti-Suzuki-Swift-526743g.jpg_0000_0080_0359_0170_0086.png,C:\Users\shrey\Downloads\cvproject\Dataset\in\in\Maruti-Suzuki-Swift-526743g.jpg_0000_0080_0359_0170_0086.png,0,0,170,86,FFMH12869,ok,
,0,Maruti-Suzuki-Alto-800-527221c.jpg_0332_0056_0411_0182_0049.png,C:\Users\shrey\Downloads\cvproject\Dataset\in\in\Maruti-Suzuki-Alto-800-527221c.jpg_0332_0056_0411_0182_0049.png,0,0,182,49,HR26BH46661,ok,
,0,Volkswagen-Polo-519511c.jpg_0000_0261_0396_0212_0067.png,C:\Users\shrey\Downloads\cvproject\Dataset\in\in\Volkswagen-Polo-519511c.jpg_0000_0261_0396_0212_0067.png,0,0,212,67,HH02CPZ984,ok,
,0,Maruti-Suzuki-Wagon-R-527279b.jpg_0340_0101_0443_0162_0052.png,C:\Users\shrey\Downloads\cvproject\Dataset\in\in\Maruti-Suzuki-Wagon-R-527279b.jpg_0340_0101_0443_0162_0052.png,0,0,162,52,MKTSCM5787,ok,
,0,Hyundai-i10-519706d.jpg_0021_0525_0486_0188_0073.png,C:\Users\shrey\Downloads\cvproject\Dataset\in\in\Hyundai-i10-519706d.jpg_0021_0525_0486_0188_0073.png,0,0,188,73,DLZCNE5200,ok,
,0,BMW-X5-528820c.jpg_0000_0316_0245_0160_0037.png,C:\Users\shrey\Downloads\cvproject\Dataset\in\in\BMW-X5-528820c.jpg_0000_0316_0245_0160_0037.png,0,0,160,37,KA43M2052,ok,
,0,Maruti-Suzuki-SX4-526662c.jpg_0000_0368_0300_0193_0047.png,C:\Users\shrey\Downloads\cvproject\Dataset\in\in\Maruti-Suzuki-SX4-526662c.jpg_0000_0368_0300_0193_0047.png,0,0,193,47,NHIADD0707,ok,
,0,Tata-Indigo-CS-518206c.jpg_0000_0253_0331_0293_0081.png,C:\Users\shrey\Downloads\cvproject\Dataset\in\in\Tata-Indigo-CS-518206c.jpg_0000_0253_0331_0293_0081.png,0,0,293,81,APO9BQ9041,ok,
,0,Ford-Fiesta-513047g.jpg_0000_0277_0228_0276_0079.png,C:\Users\shrey\Downloads\cvproject\Dataset\in\in\Ford-Fiesta-513047g.jpg_0000_0277_0228_0276_0079.png,0,0,276,79,MH43X7188,ok,
,0,Skoda-Superb-529646c.jpg_0000_0260_0323_0199_0055.png,C:\Users\shrey\Downloads\cvproject\Dataset\in\in\Skoda-Superb-529646c.jpg_0000_0260_0323_0199_0055.png,0,0,199,55,DL3CBM6060,ok,
,0,Hyundai-i20-525727c.jpg_0353_0241_0505_0215_0071.png,C:\Users\shrey\Downloads\cvproject\Dataset\in\in\Hyundai-i20-525727c.jpg_0353_0241_0505_0215_0071.png,0,0,215,71,MHI2HV1735,ok,
,0,Mitsubishi-Pajero-529584e.jpg_0358_0247_0306_0101_0026.png,C:\Users\shrey\Downloads\cvproject\Dataset\in\in\Mitsubishi-Pajero-529584e.jpg_0358_0247_0306_0101_0026.png,0,0,101,26,MK4952,ok,
,0,Hyundai-Fluidic-Verna-530400e.jpg_0000_0274_0300_0238_0056.png,C:\Users\shrey\Downloads\cvproject\Dataset\in\in\Hyundai-Fluidic-Verna-530400e.jpg_0000_0274_0300_0238_0056.png,0,0,238,56,KLOSAE3553,ok,
,0,Hyundai-Santro-Xing-529835c.jpg_0000_0337_0298_0202_0064.png,C:\Users\shrey\Downloads\cvproject\Dataset\in\in\Hyundai-Santro-Xing-529835c.jpg_0000_0337_0298_0202_0064.png,0,0,202,64,ARMNP16Q8002,ok,
,0,Mahindra-Scorpio-528639f.jpg_0000_0242_0289_0161_0045.png,C:\Users\shrey\Downloads\cvproject\Dataset\in\in\Mahindra-Scorpio-528639f.jpg_0000_0242_0289_0161_0045.png,0,0,161,45,WB02W7187,ok,
,0,Hyundai-i10-525729b.jpg_0335_0061_0420_0159_0037.png,C:\Users\shrey\Downloads\cvproject\Dataset\in\in\Hyundai-i10-525729b.jpg_0335_0061_0420_0159_0037.png,0,0,159,37,MAQEX961,ok,
,0,Maruti-Suzuki-Swift-Dzire-529747c.jpg_0000_0299_0367_0231_0054.png,C:\Users\shrey\Downloads\cvproject\Dataset\in\in\Maruti-Suzuki-Swift-Dzire-529747c.jpg_0000_0299_0367_0231_0054.png,0,0,231,54,DL4CAL2700,ok,
,0,Maruti-Suzuki-800-527755c.jpg_0352_0230_0465_0193_0038.png,C:\Users\shrey\Downloads\cvproject\Dataset\in\in\Maruti-Suzuki-800-527755c.jpg_0352_0230_0465_0193_0038.png,0,0,193,38,MHNAFY0367,ok,
,0,Ford-Figo-524314d.jpg_0000_0300_0267_0177_0045.png,C:\Users\shrey\Downloads\cvproject\Dataset\in\in\Ford-Figo-524314d.jpg_0000_0300_0267_0177_0045.png,0,0,177,45,MH14DN5256,ok,
,0,Hyundai-i20-527541c.jpg_0356_0225_0492_0233_0054.png,C:\Users\shrey\Downloads\cvproject\Dataset\in\in\Hyundai-i20-527541c.jpg_0356_0225_0492_0233_0054.png,0,0,233,54,DLIZCE27Z0,ok,
,0,Hyundai-Accent-523774c.jpg_0002_0337_0376_0166_0070.png,C:\Users\shrey\Downloads\cvproject\Dataset\in\in\Hyundai-Accent-523774c.jpg_0002_0337_0376_0166_0070.png,0,0,166,70,HR26BH9054,ok,
,0,Hyundai-i20-522157c.jpg_0000_0347_0456_0154_0047.png,C:\Users\shrey\Downloads\cvproject\Dataset\in\in\Hyundai-i20-522157c.jpg_0000_0347_0456_0154_0047.png,0,0,154,47,WB0611256,ok,
,0,Chevrolet-Aveo-Old-523643b.jpg_0000_0084_0145_0087_0023.png,C:\Users\shrey\Downloads\cvproject\Dataset\in\in\Chevrolet-Aveo-Old-523643b.jpg_0000_0084_0145_0087_0023.png,0,0,87,23,NH02AQ73K,ok,
,0,Honda-City-ZX-525132c.jpg_0344_0164_0436_0139_0046.png,C:\Users\shrey\Downloads\cvproject\Dataset\in\in\Honda-City-ZX-525132c.jpg_0344_0164_0436_0139_0046.png,0,0,139,46,MH12EX182,ok,
,0,Maruti-Suzuki-Swift-528815e.jpg_0342_0102_0455_0226_0070.png,C:\Users\shrey\Downloads\cvproject\Dataset\in\in\Maruti-Suzuki-Swift-528815e.jpg_0342_0102_0455_0226_0070.png,0,0,226,70,TN07AR2336,ok,
,0,Fiat-Grande-Punto-527738f.jpg_0015_0322_0289_0113_0026.png,C:\Users\shrey\Downloads\cvproject\Dataset\in\in\Fiat-Grande-Punto-527738f.jpg_0015_0322_0289_0113_0026.png,0,0,113,26,MH02BL61D7,ok,
,0,Hyundai-Santro-523528c.jpg_0009_0416_0402_0265_0074.png,C:\Users\shrey\Downloads\cvproject\Dataset\in\in\Hyundai-Santro-523528c.jpg_0009_0416_0402_0265_0074.png,0,0,265,74,MIO4DR934,ok,
,0,Mahindra-Scorpio-525298c.jpg_0359_0271_0375_0203_0056.png,C:\Users\shrey\Downloads\cvproject\Dataset\in\in\Mahindra-Scorpio-525298c.jpg_0359_0271_0375_0203_0056.png,0,0,203,56,MH06AL833,ok,
,0,Maruti-Suzuki-Ritz-525658c.jpg_0348_0199_0346_0166_0038.png,C:\Users\shrey\Downloads\cvproject\Dataset\in\in\Maruti-Suzuki-Ritz-525658c.jpg_0348_0199_0346_0166_0038.png,0,0,166,38,MH12FV5288,ok,
,0,Honda-CR-V-526235c.jpg_0000_0221_0350_0166_0056.png,C:\Users\shrey\Downloads\cvproject\Dataset\in\in\Honda-CR-V-526235c.jpg_0000_0221_0350_0166_0056.png,0,0,166,56,DL3CBA2003,ok,
,0,Hyundai-i10-524532c.jpg_0000_0260_0540_0209_0070.png,C:\Users\shrey\Downloads\cvproject\Dataset\in\in\Hyundai-i10-524532c.jpg_0000_0260_0540_0209_0070.png,0,0,209,70,DL7CGAGA,ok,
,0,Honda-Civic-521912b.jpg_0000_0276_0487_0264_0062.png,C:\Users\shrey\Downloads\cvproject\Dataset\in\in\Honda-Civic-521912b.jpg_0000_0276_0487_0264_0062.png,0,0,264,62,WBZOH9705,ok,
,0,Maruti-Suzuki-Zen-Estilo-515142c.jpg_0000_0083_0269_0128_0027.png,C:\Users\shrey\Downloads\cvproject\Dataset\in\in\Maruti-Suzuki-Zen-Estilo-515142c.jpg_0000_0083_0269_0128_0027.png,0,0,128,27,MH04DB6948,ok,
,0,Hyundai-i20-525750h.jpg_0333_0115_0398_0114_0036.png,C:\Users\shrey\Downloads\cvproject\Dataset\in\in\Hyundai-i20-525750h.jpg_0333_0115_0398_0114_0036.png,0,0,114,36,N42AV6916,ok,
,0,Tata-Nano-528068b.jpg_0032_0664_0429_0150_0035.png,C:\Users\shrey\Downloads\cvproject\Dataset\in\in\Tata-Nano-528068b.jpg_0032_0664_0429_0150_0035.png,0,0,150,35,MUTGV814,ok,
,0,Honda-Civic-527728g.jpg_0345_0092_0181_0119_0043.png,C:\Users\shrey\Downloads\cvproject\Dataset\in\in\Honda-Civic-527728g.jpg_0345_0092_0181_0119_0043.png,0,0,119,43,MH01488312,ok,
,0,Maruti-Suzuki-Zen-Estilo-526848c.jpg_0001_0347_0409_0169_0040.png,C:\Users\shrey\Downloads\cvproject\Dataset\in\in\Maruti-Suzuki-Zen-Estilo-526848c.jpg_0001_0347_0409_0169_0040.png,0,0,169,40,MHL3AJ7351,ok,
,0,Nissan-Micra-527407c.jpg_0006_0247_0361_0165_0039.png,C:\Users\shrey\Downloads\cvproject\Dataset\in\in\Nissan-Micra-527407c.jpg_0006_0247_0361_0165_0039.png,0,0,165,39,RB06K2175,ok,
,0,Volkswagen-Jetta-527772d.jpg_0020_0536_0428_0150_0063.png,C:\Users\shrey\Downloads\cvproject\Dataset\in\in\Volkswagen-Jetta-527772d.jpg_0020_0536_0428_0150_0063.png,0,0,150,63,60O72UO09,ok,
,0,Mahindra-Xylo-528566c.jpg_0000_0291_0278_0163_0045.png,C:\Users\shrey\Downloads\cvproject\Dataset\in\in\Mahindra-Xylo-528566c.jpg_0000_0291_0278_0163_0045.png,0,0,163,45,MPO9BC0367,ok,
,0,Maruti-Suzuki-Wagon-R-524356b.jpg_0000_0305_0417_0184_0047.png,C:\Users\shrey\Downloads\cvproject\Dataset\in\in\Maruti-Suzuki-Wagon-R-524356b.jpg_0000_0305_0417_0184_0047.png,0,0,184,47,MH04EX9925,ok,
,0,Hyundai-Verna-513907d.jpg_0011_0347_0166_0129_0045.png,C:\Users\shrey\Downloads\cvproject\Dataset\in\in\Hyundai-Verna-513907d.jpg_0011_0347_0166_0129_0045.png,0,0,129,45,HR26BY0807,ok,
,0,Maruti-Suzuki-Swift-526326b.jpg_0343_0027_0381_0186_0072.png,C:\Users\shrey\Downloads\cvproject\Dataset\in\in\Maruti-Suzuki-Swift-526326b.jpg_0343_0027_0381_0186_0072.png,0,0,186,72,DL4CAM4820,ok,
,0,Hyundai-i10-528025c.jpg_0359_0268_0455_0205_0048.png,C:\Users\shrey\Downloads\cvproject\Dataset\in\in\Hyundai-i10-528025c.jpg_0359_0268_0455_0205_0048.png,0,0,205,48,MH43V9267,ok,
,0,Maruti-Suzuki-SX4-519945c.jpg_0002_0115_0333_0211_0072.png,C:\Users\shrey\Downloads\cvproject\Dataset\in\in\Maruti-Suzuki-SX4-519945c.jpg_0002_0115_0333_0211_0072.png,0,0,211,72,HRSIAE7771,ok,
,0,Chevrolet-Aveo-526315c.jpg_0357_0270_0361_0249_0087.png,C:\Users\shrey\Downloads\cvproject\Dataset\in\in\Chevrolet-Aveo-526315c.jpg_0357_0270_0361_0249_0087.png,0,0,249,87,DLGCAD6474,ok,
,0,Honda-City-523842c.jpg_0005_0426_0318_0160_0075.png,C:\Users\shrey\Downloads\cvproject\Dataset\in\in\Honda-City-523842c.jpg_0005_0426_0318_0160_0075.png,0,0,160,75,HH12ET1723,ok,
,0,Maruti-Suzuki-Swift-515183c.jpg_0358_0321_0329_0175_0041.png,C:\Users\shrey\Downloads\cvproject\Dataset\in\in\Maruti-Suzuki-Swift-515183c.jpg_0358_0321_0329_0175_0041.png,0,0,175,41,TNO2AR8471,ok,
,0,Hyundai-Verna-526784c.jpg_0000_0239_0314_0316_0106.png,C:\Users\shrey\Downloads\cvproject\Dataset\in\in\Hyundai-Verna-526784c.jpg_0000_0239_0314_0316_0106.png,0,0,316,106,AP1OAK7788,ok,
,0,Maruti-Suzuki-Swift-Dzire-514295c.jpg_0355_0102_0179_0138_0053.png,C:\Users\shrey\Downloads\cvproject\Dataset\in\in\Maruti-Suzuki-Swift-Dzire-514295c.jpg_0355_0102_0179_0138_0053.png,0,0,138,53,DL2CAN7860,ok,
,0,Tata-Indica-Vista-526684c.jpg_0000_0263_0508_0233_0058.png,C:\Users\shrey\Downloads\cvproject\Dataset\in\in\Tata-Indica-Vista-526684c.jpg_0000_0263_0508_0233_0058.png,0,0,233,58,DLACAL0801,ok,
,0,Maruti-Suzuki-SX4-527523e.jpg_0349_0115_0190_0124_0052.png,C:\Users\shrey\Downloads\cvproject\Dataset\in\in\Maruti-Suzuki-SX4-527523e.jpg_0349_0115_0190_0124_0052.png,0,0,124,52,VH028048,ok,
,0,Maruti-Suzuki-Swift-Dzire-528074c.jpg_0357_0351_0286_0183_0048.png,C:\Users\shrey\Downloads\cvproject\Dataset\in\in\Maruti-Suzuki-Swift-Dzire-528074c.jpg_0357_0351_0286_0183_0048.png,0,0,183,48,MHIZFK6915,ok,
,0,Hyundai-Verna-518484c.jpg_0358_0278_0305_0272_0073.png,C:\Users\shrey\Downloads\cvproject\Dataset\in\in\Hyundai-Verna-518484c.jpg_0358_0278_0305_0272_0073.png,0,0,272,73,8GJLKAOI,ok,
,0,Maruti-Suzuki-Alto-528911b.jpg_0329_0146_0474_0155_0044.png,C:\Users\shrey\Downloads\cvproject\Dataset\in\in\Maruti-Suzuki-Alto-528911b.jpg_0329_0146_0474_0155_0044.png,0,0,155,44,MAZEX7388,ok,
,0,Toyota-Corolla-522862c.jpg_0000_0309_0307_0192_0061.png,C:\Users\shrey\Downloads\cvproject\Dataset\in\in\Toyota-Corolla-522862c.jpg_0000_0309_0307_0192_0061.png,0,0,192,61,MHO6AN7132,ok,
,0,Maruti-Suzuki-Alto-527113f.jpg_0000_0151_0236_0112_0037.png,C:\Users\shrey\Downloads\cvproject\Dataset\in\in\Maruti-Suzuki-Alto-527113f.jpg_0000_0151_0236_0112_0037.png,0,0,112,37,6J1KJ877,ok,
,0,Maruti-Suzuki-Swift-526181d.jpg_0000_0230_0388_0224_0064.png,C:\Users\shrey\Downloads\cvproject\Dataset\in\in\Maruti-Suzuki-Swift-526181d.jpg_0000_0230_0388_0224_0064.png,0,0,224,64,MH12EM7242,ok,
,0,Maruti-Suzuki-Alto-515313b.jpg_0354_0207_0400_0203_0055.png,C:\Users\shrey\Downloads\cvproject\Dataset\in\in\Maruti-Suzuki-Alto-515313b.jpg_0354_0207_0400_0203_0055.png,0,0,203,55,FA40AK9101,ok,
,0,Maruti-Suzuki-Alto-529792c.jpg_0355_0210_0374_0275_0065.png,C:\Users\shrey\Downloads\cvproject\Dataset\in\in\Maruti-Suzuki-Alto-529792c.jpg_0355_0210_0374_0275_0065.png,0,0,275,65,TN10AJ1863,ok,
,0,Maruti-Suzuki-Swift-Dzire-519452h.jpg_0358_0262_0439_0256_0051.png,C:\Users\shrey\Downloads\cvproject\Dataset\in\in\Maruti-Suzuki-Swift-Dzire-519452h.jpg_0358_0262_0439_0256_0051.png,0,0,256,51,MHOSAX3628,ok,
,0,Hyundai-Verna-529485g.jpg_0000_0234_0233_0140_0032.png,C:\Users\shrey\Downloads\cvproject\Dataset\in\in\Hyundai-Verna-529485g.jpg_0000_0234_0233_0140_0032.png,0,0,140,32,INH43,ok,
,0,Maruti-Suzuki-Swift-522892c.jpg_0343_0033_0297_0159_0068.png,C:\Users\shrey\Downloads\cvproject\Dataset\in\in\Maruti-Suzuki-Swift-522892c.jpg_0343_0033_0297_0159_0068.png,0,0,159,68,DLBC08047,ok,
,0,Honda-Civic-527740d.jpg_0352_0097_0183_0109_0049.png,C:\Users\shrey\Downloads\cvproject\Dataset\in\in\Honda-Civic-527740d.jpg_0352_0097_0183_0109_0049.png,0,0,109,49,MH4R1844,ok,
,0,Toyota-Innova-523886c.jpg_0000_0242_0335_0264_0076.png,C:\Users\shrey\Downloads\cvproject\Dataset\in\in\Toyota-Innova-523886c.jpg_0000_0242_0335_0264_0076.png,0,0,264,76,AP31AW9513,ok,
,0,Maruti-Suzuki-Swift-Dzire-525162c.jpg_0002_0238_0273_0236_0069.png,C:\Users\shrey\Downloads\cvproject\Dataset\in\in\Maruti-Suzuki-Swift-Dzire-525162c.jpg_0002_0238_0273_0236_0069.png,0,0,236,69,PB10DF7609,ok,
,0,Honda-Civic-521912c.jpg_0357_0208_0431_0252_0059.png,C:\Users\shrey\Downloads\cvproject\Dataset\in\in\Honda-Civic-521912c.jpg_0357_0208_0431_0252_0059.png,0,0,252,59,WBZOH9705,ok,
,0,Chevrolet-Tavera-526711c.jpg_0000_0321_0322_0175_0052.png,C:\Users\shrey\Downloads\cvproject\Dataset\in\in\Chevrolet-Tavera-526711c.jpg_0000_0321_0322_0175_0052.png,0,0,175,52,WBOGA2128,ok,
,0,Honda-City-520524b.jpg_0335_0049_0370_0121_0037.png,C:\Users\shrey\Downloads\cvproject\Dataset\in\in\Honda-City-520524b.jpg_0335_0049_0370_0121_0037.png,0,0,121,37,UL2FF8630,ok,
,0,Hyundai-i10-525343b.jpg_0340_0106_0431_0199_0049.png,C:\Users\shrey\Downloads\cvproject\Dataset\in\in\Hyundai-i10-525343b.jpg_0340_0106_0431_0199_0049.png,0,0,199,49,KLOZAE2873,ok,
,0,Maruti-Suzuki-Swift-Dzire-519986c.jpg_0000_0202_0154_0133_0034.png,C:\Users\shrey\Downloads\cvproject\Dataset\in\in\Maruti-Suzuki-Swift-Dzire-519986c.jpg_0000_0202_0154_0133_0034.png,0,0,133,34,MHOLEX2169,ok,
,0,Tata-Indigo-eCS-527766c.jpg_0008_0182_0378_0326_0082.png,C:\Users\shrey\Downloads\cvproject\Dataset\in\in\Tata-Indigo-eCS-527766c.jpg_0008_0182_0378_0326_0082.png,0,0,326,82,AP28BP0101,ok,
,0,Maruti-Suzuki-Alto-521398c.jpg_0000_0297_0497_0271_0063.png,C:\Users\shrey\Downloads\cvproject\Dataset\in\in\Maruti-Suzuki-Alto-521398c.jpg_0000_0297_0497_0271_0063.png,0,0,271,63,AP29AJ9099,ok,
,0,Hyundai-i20-522349c.jpg_0000_0312_0407_0220_0065.png,C:\Users\shrey\Downloads\cvproject\Dataset\in\in\Hyundai-i20-522349c.jpg_0000_0312_0407_0220_0065.png,0,0,220,65,MH05AX8009,ok,
,0,Volkswagen-Passat-528655c.jpg_0000_0195_0373_0198_0066.png,C:\Users\shrey\Downloads\cvproject\Dataset\in\in\Volkswagen-Passat-528655c.jpg_0000_0195_0373_0198_0066.png,0,0,198,66,MI09B7Z6100,ok,
,0,Hyundai-Santro-Xing-527539c.jpg_0351_0003_0315_0212_0058.png,C:\Users\shrey\Downloads\cvproject\Dataset\in\in\Hyundai-Santro-Xing-527539c.jpg_0351_0003_0315_0212_0058.png,0,0,212,58,HR26AK5022,ok,
,0,Ford-Ikon-529005d.jpg_0341_0027_0234_0165_0061.png,C:\Users\shrey\Downloads\cvproject\Dataset\in\in\Ford-Ikon-529005d.jpg_0341_0027_0234_0165_0061.png,0,0,165,61,KL447766,ok,
,0,Maruti-Suzuki-Wagon-R-519713c.jpg_0000_0284_0338_0247_0066.png,C:\Users\shrey\Downloads\cvproject\Dataset\in\in\Maruti-Suzuki-Wagon-R-519713c.jpg_0000_0284_0338_0247_0066.png,0,0,247,66,WB06B2265MOH,ok,
,0,Hyundai-i10-527034f.jpg_0014_0311_0510_0241_0058.png,C:\Users\shrey\Downloads\cvproject\Dataset\in\in\Hyundai-i10-527034f.jpg_0014_0311_0510_0241_0058.png,0,0,241,58,TN19B3753,ok,
,0,Maruti-Suzuki-Omni-527698c.jpg_0352_0275_0409_0215_0050.png,C:\Users\shrey\Downloads\cvproject\Dataset\in\in\Maruti-Suzuki-Omni-527698c.jpg_0352_0275_0409_0215_0050.png,0,0,215,50,AP13M7759,ok,
,0,Maruti-Suzuki-Alto-520395c.jpg_0000_0322_0479_0243_0057.png,C:\Users\shrey\Downloads\cvproject\Dataset\in\in\Maruti-Suzuki-Alto-520395c.jpg_0000_0322_0479_0243_0057.png,0,0,243,57,AP28DD1684,ok,
,0,Audi-A4-528794d.jpg_0359_0305_0250_0204_0066.png,C:\Users\shrey\Downloads\cvproject\Dataset\in\in\Audi-A4-528794d.jpg_0359_0305_0250_0204_0066.png,0,0,204,66,KAO3HN9993,ok,
,0,Hyundai-i10-527542b.jpg_0003_0290_0435_0206_0048.png,C:\Users\shrey\Downloads\cvproject\Dataset\in\in\Hyundai-i10-527542b.jpg_0003_0290_0435_0206_0048.png,0,0,206,48,WHO2BY9142,ok,
,0,Maruti-Suzuki-Swift-Dzire-517271c.jpg_0000_0276_0292_0229_0069.png,C:\Users\shrey\Downloads\cvproject\Dataset\in\in\Maruti-Suzuki-Swift-Dzire-517271c.jpg_0000_0276_0292_0229_0069.png,0,0,229,69,MHO2BJ2685,ok,
,0,Maruti-Suzuki-Alto-521398c.jpg_0001_0297_0497_0271_0063.png,C:\Users\shrey\Downloads\cvproject\Dataset\in\in\Maruti-Suzuki-Alto-521398c.jpg_0001_0297_0497_0271_0063.png,0,0,271,63,AP29AJ9099,ok,
,0,Maruti-Suzuki-Wagon-R-518662d.jpg_0008_0309_0336_0202_0068.png,C:\Users\shrey\Downloads\cvproject\Dataset\in\in\Maruti-Suzuki-Wagon-R-518662d.jpg_0008_0309_0336_0202_0068.png,0,0,202,68,MKOZBJ7808,ok,
,0,Maruti-Suzuki-Ertiga-513896c.jpg_0001_0137_0234_0171_0041.png,C:\Users\shrey\Downloads\cvproject\Dataset\in\in\Maruti-Suzuki-Ertiga-513896c.jpg_0001_0137_0234_0171_0041.png,0,0,171,41,HRZSBT9791,ok,
,0,Mahindra-Scorpio-525444c.jpg_0000_0251_0364_0184_0043.png,C:\Users\shrey\Downloads\cvproject\Dataset\in\in\Mahindra-Scorpio-525444c.jpg_0000_0251_0364_0184_0043.png,0,0,184,43,UP14DT5I51,ok,
,0,Hyundai-i20-529993c.jpg_0341_0121_0412_0182_0046.png,C:\Users\shrey\Downloads\cvproject\Dataset\in\in\Hyundai-i20-529993c.jpg_0341_0121_0412_0182_0046.png,0,0,182,46,MH12GV5392,ok,
,0,Honda-City-527919c.jpg_0000_0316_0315_0245_0057.png,C:\Users\shrey\Downloads\cvproject\Dataset\in\in\Honda-City-527919c.jpg_0000_0316_0315_0245_0057.png,0,0,245,57,MH01AC9388,ok,
,0,Ford-Figo-528523c.jpg_0000_0232_0366_0289_0068.png,C:\Users\shrey\Downloads\cvproject\Dataset\in\in\Ford-Figo-528523c.jpg_0000_0232_0366_0289_0068.png,0,0,289,68,AP07AX0048,ok,
,0,Maruti-Suzuki-Alto-528922c.jpg_0346_0218_0446_0248_0076.png,C:\Users\shrey\Downloads\cvproject\Dataset\in\in\Maruti-Suzuki-Alto-528922c.jpg_0346_0218_0446_0248_0076.png,0,0,248,76,TN20BF6121,ok,
,0,Hyundai-Santro-Xing-530331c.jpg_0000_0259_0275_0274_0089.png,C:\Users\shrey\Downloads\cvproject\Dataset\in\in\Hyundai-Santro-Xing-530331c.jpg_0000_0259_0275_0274_0089.png,0,0,274,89,AP36AG8474,ok,
,0,Maruti-Suzuki-Alto-523800b.jpg_0000_0212_0403_0172_0033.png,C:\Users\shrey\Downloads\cvproject\Dataset\in\in\Maruti-Suzuki-Alto-523800b.jpg_0000_0212_0403_0172_0033.png,0,0,172,33,MH12DM4009,ok,
,0,Tata-Indica-Vista-521731f.jpg_0006_0279_0395_0169_0043.png,C:\Users\shrey\Downloads\cvproject\Dataset\in\in\Tata-Indica-Vista-521731f.jpg_0006_0279_0395_0169_0043.png,0,0,169,43,MH12GV6371,ok,
,0,Ford-Classic-527601c.jpg_0006_0328_0332_0279_0070.png,C:\Users\shrey\Downloads\cvproject\Dataset\in\in\Ford-Classic-527601c.jpg_0006_0328_0332_0279_0070.png,0,0,279,70,ITN09BK7357,ok,
,0,Toyota-Corolla-Altis-516141e.jpg_0000_0318_0330_0183_0043.png,C:\Users\shrey\Downloads\cvproject\Dataset\in\in\Toyota-Corolla-Altis-516141e.jpg_0000_0318_0330_0183_0043.png,0,0,183,43,DLBCNA63I0,ok,
,0,Honda-City-528700c.jpg_0000_0262_0334_0256_0075.png,C:\Users\shrey\Downloads\cvproject\Dataset\in\in\Honda-City-528700c.jpg_0000_0262_0334_0256_0075.png,0,0,256,75,WBO6A2379,ok,
,0,Hyundai-i10-517204c.jpg_0000_0297_0415_0196_0046.png,C:\Users\shrey\Downloads\cvproject\Dataset\in\in\Hyundai-i10-517204c.jpg_0000_0297_0415_0196_0046.png,0,0,196,46,DLACAJ0769,ok,
,0,Skoda-Rapid-528411c.jpg_0355_0134_0180_0142_0035.png,C:\Users\shrey\Downloads\cvproject\Dataset\in\in\Skoda-Rapid-528411c.jpg_0355_0134_0180_0142_0035.png,0,0,142,35,KH04FF0857,ok,
,0,Chevrolet-Spark-527714g.jpg_0347_0105_0196_0112_0034.png,C:\Users\shrey\Downloads\cvproject\Dataset\in\in\Chevrolet-Spark-527714g.jpg_0347_0105_0196_0112_0034.png,0,0,112,34,MH028IV3295,ok,
,0,Hyundai-i10-523922b.jpg_0358_0218_0528_0256_0062.png,C:\Users\shrey\Downloads\cvproject\Dataset\in\in\Hyundai-i10-523922b.jpg_0358_0218_0528_0256_0062.png,0,0,256,62,DL2CAE9643,ok,
,0,Ford-Ikon-527722g.jpg_0000_0235_0299_0125_0035.png,C:\Users\shrey\Downloads\cvproject\Dataset\in\in\Ford-Ikon-527722g.jpg_0000_0235_0299_0125_0035.png,0,0,125,35,MHAAV659G,ok,
,0,Hyundai-i10-525082d.jpg_0000_0113_0251_0126_0041.png,C:\Users\shrey\Downloads\cvproject\Dataset\in\in\Hyundai-i10-525082d.jpg_0000_0113_0251_0126_0041.png,0,0,126,41,GJHR88O3,ok,
,0,Hyundai-Verna-513907c.jpg_0000_0149_0163_0168_0044.png,C:\Users\shrey\Downloads\cvproject\Dataset\in\in\Hyundai-Verna-513907c.jpg_0000_0149_0163_0168_0044.png,0,0,168,44,HRZGBY4807,ok,
,0,Hyundai-i10-529183c.jpg_0000_0248_0529_0294_0078.png,C:\Users\shrey\Downloads\cvproject\Dataset\in\in\Hyundai-i10-529183c.jpg_0000_0248_0529_0294_0078.png,0,0,294,78,APZ4AP7089,ok,
,0,Honda-City-516632c.jpg_0000_0250_0241_0220_0051.png,C:\Users\shrey\Downloads\cvproject\Dataset\in\in\Honda-City-516632c.jpg_0000_0250_0241_0220_0051.png,0,0,220,51,DL9U2292,ok,
,0,Hyundai-Verna-513186g.jpg_0002_0344_0442_0170_0064.png,C:\Users\shrey\Downloads\cvproject\Dataset\in\in\Hyundai-Verna-513186g.jpg_0002_0344_0442_0170_0064.png,0,0,170,64,GJ1KE3786,ok,
,0,Maruti-Suzuki-Alto-529382c.jpg_0000_0312_0422_0150_0049.png,C:\Users\shrey\Downloads\cvproject\Dataset\in\in\Maruti-Suzuki-Alto-529382c.jpg_0000_0312_0422_0150_0049.png,0,0,150,49,MPO9CL5296,ok,
,0,Nissan-Micra-523344c.jpg_0008_0337_0510_0242_0059.png,C:\Users\shrey\Downloads\cvproject\Dataset\in\in\Nissan-Micra-523344c.jpg_0008_0337_0510_0242_0059.png,0,0,242,59,IN069754,ok,
,0,Honda-Accord-528291b.jpg_0359_0320_0299_0217_0052.png,C:\Users\shrey\Downloads\cvproject\Dataset\in\in\Honda-Accord-528291b.jpg_0359_0320_0299_0217_0052.png,0,0,217,52,DL3CAK5323,ok,
,0,Mahindra-Renault-Logan-527350c.jpg_0357_0241_0542_0212_0049.png,C:\Users\shrey\Downloads\cvproject\Dataset\in\in\Mahindra-Renault-Logan-527350c.jpg_0357_0241_0542_0212_0049.png,0,0,212,49,P74BD3465,ok,
,0,Honda-City-527044f.jpg_0348_0201_0348_0212_0054.png,C:\Users\shrey\Downloads\cvproject\Dataset\in\in\Honda-City-527044f.jpg_0348_0201_0348_0212_0054.png,0,0,212,54,C0160,ok,
,0,Chevrolet-Beat-528245c.jpg_0000_0200_0358_0288_0064.png,C:\Users\shrey\Downloads\cvproject\Dataset\in\in\Chevrolet-Beat-528245c.jpg_0000_0200_0358_0288_0064.png,0,0,288,64,AP10AZ1O99,ok,
,0,Maruti-Suzuki-Alto-526450e.jpg_0025_0549_0473_0132_0033.png,C:\Users\shrey\Downloads\cvproject\Dataset\in\in\Maruti-Suzuki-Alto-526450e.jpg_0025_0549_0473_0132_0033.png,0,0,132,33,KL07BU1319,ok,
,0,Honda-City-ZX-521136c.jpg_0001_0195_0381_0309_0083.png,C:\Users\shrey\Downloads\cvproject\Dataset\in\in\Honda-City-ZX-521136c.jpg_0001_0195_0381_0309_0083.png,0,0,309,83,LRPJJBM5751,ok,
,0,Volkswagen-Polo-526281c.jpg_0026_0607_0454_0204_0060.png,C:\Users\shrey\Downloads\cvproject\Dataset\in\in\Volkswagen-Polo-526281c.jpg_0026_0607_0454_0204_0060.png,0,0,204,60,LDLEC8775,ok,
,0,Maruti-Suzuki-Swift-522209c.jpg_0000_0303_0475_0201_0062.png,C:\Users\shrey\Downloads\cvproject\Dataset\in\in\Maruti-Suzuki-Swift-522209c.jpg_0000_0303_0475_0201_0062.png,0,0,201,62,MH02BP2897,ok,
,0,Honda-City-527656f.jpg_0000_0117_0250_0091_0019.png,C:\Users\shrey\Downloads\cvproject\Dataset\in\in\Honda-City-527656f.jpg_0000_0117_0250_0091_0019.png,0,0,91,19,MII024ZV649,ok,
,0,Mahindra-Xylo-515397c.jpg_0000_0345_0242_0168_0047.png,C:\Users\shrey\Downloads\cvproject\Dataset\in\in\Mahindra-Xylo-515397c.jpg_0000_0345_0242_0168_0047.png,0,0,168,47,HHO5AJ9011,ok,
,0,Honda-Brio-515778d.jpg_0000_0169_0267_0128_0039.png,C:\Users\shrey\Downloads\cvproject\Dataset\in\in\Honda-Brio-515778d.jpg_0000_0169_0267_0128_0039.png,0,0,128,39,API1AM6316,ok,
,0,Honda-City-527919c.jpg_0002_0313_0317_0251_0069.png,C:\Users\shrey\Downloads\cvproject\Dataset\in\in\Honda-City-527919c.jpg_0002_0313_0317_0251_0069.png,0,0,251,69,MH01AC9388,ok,
,0,Chevrolet-Aveo-521114c.jpg_0004_0365_0346_0224_0065.png,C:\Users\shrey\Downloads\cvproject\Dataset\in\in\Chevrolet-Aveo-521114c.jpg_0004_0365_0346_0224_0065.png,0,0,224,65,MH02B3234,ok,
,0,Maruti-Suzuki-SX4-524748d.jpg_0023_0524_0412_0151_0029.png,C:\Users\shrey\Downloads\cvproject\Dataset\in\in\Maruti-Suzuki-SX4-524748d.jpg_0023_0524_0412_0151_0029.png,0,0,151,29,MHI2HZ4414,ok,
,0,Maruti-Suzuki-Wagon-R-524426b.jpg_0000_0621_0394_0198_0100.png,C:\Users\shrey\Downloads\cvproject\Dataset\in\in\Maruti-Suzuki-Wagon-R-524426b.jpg_0000_0621_0394_0198_0100.png,0,0,198,100,1307MHCO5ASE,ok,
,0,Chevrolet-Spark-528082d.jpg_0000_0558_0308_0073_0054.png,C:\Users\shrey\Downloads\cvproject\Dataset\in\in\Chevrolet-Spark-528082d.jpg_0000_0558_0308_0073_0054.png,0,0,73,54,MA42P7E3D,ok,
,0,Maruti-Suzuki-Wagon-R-527243e.jpg_0355_0179_0242_0153_0045.png,C:\Users\shrey\Downloads\cvproject\Dataset\in\in\Maruti-Suzuki-Wagon-R-527243e.jpg_0355_0179_0242_0153_0045.png,0,0,153,45,MHI2DS9002,ok,
,0,Maruti-Suzuki-Swift-Dzire-521936b.jpg_0000_0346_0428_0151_0064.png,C:\Users\shrey\Downloads\cvproject\Dataset\in\in\Maruti-Suzuki-Swift-Dzire-521936b.jpg_0000_0346_0428_0151_0064.png,0,0,151,64,AP28CF0372,ok,
,0,Honda-Civic-529788c.jpg_0000_0108_0178_0135_0039.png,C:\Users\shrey\Downloads\cvproject\Dataset\in\in\Honda-Civic-529788c.jpg_0000_0108_0178_0135_0039.png,0,0,135,39,M02BG1870,ok,
,0,Honda-City-517078c.jpg_0003_0264_0219_0174_0052.png,C:\Users\shrey\Downloads\cvproject\Dataset\in\in\Honda-City-517078c.jpg_0003_0264_0219_0174_0052.png,0,0,174,52,DLACAH9268,ok,
,0,Maruti-Suzuki-Wagon-R-515619b.jpg_0000_0182_0209_0142_0045.png,C:\Users\shrey\Downloads\cvproject\Dataset\in\in\Maruti-Suzuki-Wagon-R-515619b.jpg_0000_0182_0209_0142_0045.png,0,0,142,45,DL7CH3669,ok,
,0,Honda-Civic-528536c.jpg_0359_0313_0287_0178_0051.png,C:\Users\shrey\Downloads\cvproject\Dataset\in\in\Honda-Civic-528536c.jpg_0359_0313_0287_0178_0051.png,0,0,178,51,MH4BC8780,ok,
,0,Honda-Civic-526319c.jpg_0000_0334_0313_0218_0077.png,C:\Users\shrey\Downloads\cvproject\Dataset\in\in\Honda-Civic-526319c.jpg_0000_0334_0313_0218_0077.png,0,0,218,77,HR26AK9672,ok,
,0,Mahindra-Scorpio-525188c.jpg_0000_0275_0362_0223_0042.png,C:\Users\shrey\Downloads\cvproject\Dataset\in\in\Mahindra-Scorpio-525188c.jpg_0000_0275_0362_0223_0042.png,0,0,223,42,GJEKR248S,ok,
,0,Mahindra-Xylo-526852g.jpg_0000_0365_0237_0164_0049.png,C:\Users\shrey\Downloads\cvproject\Dataset\in\in\Mahindra-Xylo-526852g.jpg_0000_0365_0237_0164_0049.png,0,0,164,49,MH46N2154,ok,
,0,Ford-Ikon-528900d.jpg_0342_0078_0349_0146_0056.png,C:\Users\shrey\Downloads\cvproject\Dataset\in\in\Ford-Ikon-528900d.jpg_0342_0078_0349_0146_0056.png,0,0,146,56,MHI4EC7O63,ok,
,0,Volkswagen-Vento-521155c.jpg_0000_0280_0328_0236_0055.png,C:\Users\shrey\Downloads\cvproject\Dataset\in\in\Volkswagen-Vento-521155c.jpg_0000_0280_0328_0236_0055.png,0,0,236,55,MHO1AV7318,ok,
,0,Maruti-Suzuki-Swift-Dzire-525675c.jpg_0000_0273_0247_0224_0060.png,C:\Users\shrey\Downloads\cvproject\Dataset\in\in\Maruti-Suzuki-Swift-Dzire-525675c.jpg_0000_0273_0247_0224_0060.png,0,0,224,60,MH06AN7207,ok,
,0,Honda-City-529940c.jpg_0000_0259_0289_0214_0065.png,C:\Users\shrey\Downloads\cvproject\Dataset\in\in\Honda-City-529940c.jpg_0000_0259_0289_0214_0065.png,0,0,214,65,MH01AX5630,ok,
,0,Chevrolet-Cruze-523653d.jpg_0012_0274_0125_0079_0028.png,C:\Users\shrey\Downloads\cvproject\Dataset\in\in\Chevrolet-Cruze-523653d.jpg_0012_0274_0125_0079_0028.png,0,0,79,28,RJTGCXOA26,ok,
,0,Maruti-Suzuki-Ritz-514713e.jpg_0004_0191_0182_0139_0043.png,C:\Users\shrey\Downloads\cvproject\Dataset\in\in\Maruti-Suzuki-Ritz-514713e.jpg_0004_0191_0182_0139_0043.png,0,0,139,43,MH44DX0087,ok,
,0,Ford-Figo-514785f.jpg_0357_0255_0474_0280_0042.png,C:\Users\shrey\Downloads\cvproject\Dataset\in\in\Ford-Figo-514785f.jpg_0357_0255_0474_0280_0042.png,0,0,280,42,GULKNZ1Z5,ok,
,0,Maruti-Suzuki-Ertiga-514468d.jpg_0000_0073_0350_0109_0060.png,C:\Users\shrey\Downloads\cvproject\Dataset\in\in\Maruti-Suzuki-Ertiga-514468d.jpg_0000_0073_0350_0109_0060.png,0,0,109,60,DL7CH16944,ok,
,0,Chevrolet-Optra-Magnum-528554d.jpg_0000_0300_0313_0219_0069.png,C:\Users\shrey\Downloads\cvproject\Dataset\in\in\Chevrolet-Optra-Magnum-528554d.jpg_0000_0300_0313_0219_0069.png,0,0,219,69,MA02AY1I75,ok,
,0,Toyota-Innova-521380c.jpg_0000_0349_0254_0184_0058.png,C:\Users\shrey\Downloads\cvproject\Dataset\in\in\Toyota-Innova-521380c.jpg_0000_0349_0254_0184_0058.png,0,0,184,58,MHO14H9985,ok,
,0,Hyundai-Verna-527644c.jpg_0000_0245_0285_0331_0091.png,C:\Users\shrey\Downloads\cvproject\Dataset\in\in\Hyundai-Verna-527644c.jpg_0000_0245_0285_0331_0091.png,0,0,331,91,AP2OAH2244,ok,
,0,Maruti-Suzuki-Alto-526476b.jpg_0002_0314_0476_0168_0040.png,C:\Users\shrey\Downloads\cvproject\Dataset\in\in\Maruti-Suzuki-Alto-526476b.jpg_0002_0314_0476_0168_0040.png,0,0,168,40,KA02MH6677,ok,
,0,Maruti-Suzuki-Zen-Estilo-527619c.jpg_0000_0280_0496_0238_0064.png,C:\Users\shrey\Downloads\cvproject\Dataset\in\in\Maruti-Suzuki-Zen-Estilo-527619c.jpg_0000_0280_0496_0238_0064.png,0,0,238,64,GJAKB2999,ok,
,0,Chevrolet-Beat-527214b.jpg_0000_0341_0409_0173_0045.png,C:\Users\shrey\Downloads\cvproject\Dataset\in\in\Chevrolet-Beat-527214b.jpg_0000_0341_0409_0173_0045.png,0,0,173,45,MIL04FA6281,ok,
,0,Hyundai-Santro-Xing-529815c.jpg_0000_0332_0341_0182_0041.png,C:\Users\shrey\Downloads\cvproject\Dataset\in\in\Hyundai-Santro-Xing-529815c.jpg_0000_0332_0341_0182_0041.png,0,0,182,41,T6634,ok,
,0,Hyundai-Verna-528863b.jpg_0000_0264_0313_0369_0055.png,C:\Users\shrey\Downloads\cvproject\Dataset\in\in\Hyundai-Verna-528863b.jpg_0000_0264_0313_0369_0055.png,0,0,369,55,DLZCAD9154,ok,
,0,Maruti-Suzuki-Alto-515313d.jpg_0000_0413_0388_0171_0090.png,C:\Users\shrey\Downloads\cvproject\Dataset\in\in\Maruti-Suzuki-Alto-515313d.jpg_0000_0413_0388_0171_0090.png,0,0,171,90,ITN49AK91011,ok,
,0,Maruti-Suzuki-Ritz-525658b.jpg_0341_0173_0392_0125_0043.png,C:\Users\shrey\Downloads\cvproject\Dataset\in\in\Maruti-Suzuki-Ritz-525658b.jpg_0341_0173_0392_0125_0043.png,0,0,125,43,MK12FV5288,ok,
,0,Skoda-Octavia-526755c.jpg_0000_0216_0370_0312_0082.png,C:\Users\shrey\Downloads\cvproject\Dataset\in\in\Skoda-Octavia-526755c.jpg_0000_0216_0370_0312_0082.png,0,0,312,82,AP13H6477,ok,
,0,Tata-Nano-528175b.jpg_0002_0252_0434_0189_0039.png,C:\Users\shrey\Downloads\cvproject\Dataset\in\in\Tata-Nano-528175b.jpg_0002_0252_0434_0189_0039.png,0,0,189,39,TN0308284,ok,
,0,Hyundai-i20-519841c.jpg_0029_0586_0342_0128_0053.png,C:\Users\shrey\Downloads\cvproject\Dataset\in\in\Hyundai-i20-519841c.jpg_0029_0586_0342_0128_0053.png,0,0,128,53,MH32EY5920,ok,
,0,Chevrolet-Optra-520859b.jpg_0000_0303_0358_0200_0054.png,C:\Users\shrey\Downloads\cvproject\Dataset\in\in\Chevrolet-Optra-520859b.jpg_0000_0303_0358_0200_0054.png,0,0,200,54,MHI2EM5804,ok,
,0,Hyundai-Santro-529270c.jpg_0000_0290_0295_0220_0057.png,C:\Users\shrey\Downloads\cvproject\Dataset\in\in\Hyundai-Santro-529270c.jpg_0000_0290_0295_0220_0057.png,0,0,220,57,MHO3AM4625,ok,
,0,Nissan-Micra-528407e.jpg_0026_0501_0476_0143_0049.png,C:\Users\shrey\Downloads\cvproject\Dataset\in\in\Nissan-Micra-528407e.jpg_0026_0501_0476_0143_0049.png,0,0,143,49,HHIL04509,ok,
,0,Tata-Nano-521049c.jpg_0000_0252_0508_0254_0059.png,C:\Users\shrey\Downloads\cvproject\Dataset\in\in\Tata-Nano-521049c.jpg_0000_0252_0508_0254_0059.png,0,0,254,59,HB204406,ok,
,0,Maruti-Suzuki-Swift-523702b.jpg_0345_0106_0347_0162_0043.png,C:\Users\shrey\Downloads\cvproject\Dataset\in\in\Maruti-Suzuki-Swift-523702b.jpg_0345_0106_0347_0162_0043.png,0,0,162,43,8IO65009,ok,
,0,Hyundai-Fluidic-Verna-526387d.jpg_0000_0247_0399_0273_0068.png,C:\Users\shrey\Downloads\cvproject\Dataset\in\in\Hyundai-Fluidic-Verna-526387d.jpg_0000_0247_0399_0273_0068.png,0,0,273,68,APO9CQ1681,ok,
,0,Maruti-Suzuki-Alto-520136c.jpg_0000_0232_0495_0272_0084.png,C:\Users\shrey\Downloads\cvproject\Dataset\in\in\Maruti-Suzuki-Alto-520136c.jpg_0000_0232_0495_0272_0084.png,0,0,272,84,MHO4DR7922,ok,
,0,Maruti-Suzuki-Swift-Dzire-520714d.jpg_0000_0024_0201_0088_0070.png,C:\Users\shrey\Downloads\cvproject\Dataset\in\in\Maruti-Suzuki-Swift-Dzire-520714d.jpg_0000_0024_0201_0088_0070.png,0,0,88,70,04FAFF804,ok,
,0,Maruti-Suzuki-Swift-527264b.jpg_0343_0078_0484_0137_0047.png,C:\Users\shrey\Downloads\cvproject\Dataset\in\in\Maruti-Suzuki-Swift-527264b.jpg_0343_0078_0484_0137_0047.png,0,0,137,47,MUI4BIOOS8,ok,
,0,Tata-Nano-527224c.jpg_0000_0245_0482_0291_0068.png,C:\Users\shrey\Downloads\cvproject\Dataset\in\in\Tata-Nano-527224c.jpg_0000_0245_0482_0291_0068.png,0,0,291,68,AP28DE5128,ok,
,0,Maruti-Suzuki-A-Star-524294d.jpg_0000_0282_0432_0207_0082.png,C:\Users\shrey\Downloads\cvproject\Dataset\in\in\Maruti-Suzuki-A-Star-524294d.jpg_0000_0282_0432_0207_0082.png,0,0,207,82,MH47AA0235,ok,
,0,Maruti-Suzuki-Alto-510127e.jpg_0012_0510_0321_0137_0045.png,C:\Users\shrey\Downloads\cvproject\Dataset\in\in\Maruti-Suzuki-Alto-510127e.jpg_0012_0510_0321_0137_0045.png,0,0,137,45,MH43AF8411,ok,
,0,Chevrolet-Beat-523150c.jpg_0002_0246_0343_0215_0050.png,C:\Users\shrey\Downloads\cvproject\Dataset\in\in\Chevrolet-Beat-523150c.jpg_0002_0246_0343_0215_0050.png,0,0,215,50,PB414Q4942,ok,
,0,Maruti-Suzuki-Swift-Dzire-522155c.jpg_0000_0343_0325_0163_0055.png,C:\Users\shrey\Downloads\cvproject\Dataset\in\in\Maruti-Suzuki-Swift-Dzire-522155c.jpg_0000_0343_0325_0163_0055.png,0,0,163,55,WB0645318,ok,
,0,Maruti-Suzuki-Ertiga-528640b.jpg_0000_0245_0324_0268_0078.png,C:\Users\shrey\Downloads\cvproject\Dataset\in\in\Maruti-Suzuki-Ertiga-528640b.jpg_0000_0245_0324_0268_0078.png,0,0,268,78,AP10BB3651,ok,
,0,Maruti-Suzuki-Wagon-R-520117b.jpg_0007_0461_0285_0120_0045.png,C:\Users\shrey\Downloads\cvproject\Dataset\in\in\Maruti-Suzuki-Wagon-R-520117b.jpg_0007_0461_0285_0120_0045.png,0,0,120,45,MHOSXE019B,ok,
,0,Maruti-Suzuki-Swift-Dzire-525565g.jpg_0000_0196_0262_0200_0064.png,C:\Users\shrey\Downloads\cvproject\Dataset\in\in\Maruti-Suzuki-Swift-Dzire-525565g.jpg_0000_0196_0262_0200_0064.png,0,0,200,64,WB061672,ok,
,0,Hyundai-i20-527245c.jpg_0020_0551_0493_0157_0057.png,C:\Users\shrey\Downloads\cvproject\Dataset\in\in\Hyundai-i20-527245c.jpg_0020_0551_0493_0157_0057.png,0,0,157,57,MH12EP867,ok,
,0,Fiat-Grande-Punto-527917d.jpg_0000_0247_0456_0293_0068.png,C:\Users\shrey\Downloads\cvproject\Dataset\in\in\Fiat-Grande-Punto-527917d.jpg_0000_0247_0456_0293_0068.png,0,0,293,68,MH03AW3008,ok,
,0,Chevrolet-Spark-522613b.jpg_0000_0306_0491_0180_0059.png,C:\Users\shrey\Downloads\cvproject\Dataset\in\in\Chevrolet-Spark-522613b.jpg_0000_0306_0491_0180_0059.png,0,0,180,59,MH12FK1463,ok,
,0,Hyundai-Verna-525427e.jpg_0355_0193_0339_0294_0071.png,C:\Users\shrey\Downloads\cvproject\Dataset\in\in\Hyundai-Verna-525427e.jpg_0355_0193_0339_0294_0071.png,0,0,294,71,TNOLAC6132,ok,
,0,Hyundai-i10-515336e.jpg_0019_0392_0510_0159_0045.png,C:\Users\shrey\Downloads\cvproject\Dataset\in\in\Hyundai-i10-515336e.jpg_0019_0392_0510_0159_0045.png,0,0,159,45,MK4B7173,ok,
,0,Hyundai-i10-522125c.jpg_0000_0305_0463_0167_0064.png,C:\Users\shrey\Downloads\cvproject\Dataset\in\in\Hyundai-i10-522125c.jpg_0000_0305_0463_0167_0064.png,0,0,167,64,WB2OU5823,ok,
,0,Hyundai-i20-525727b.jpg_0000_0025_0418_0137_0097.png,C:\Users\shrey\Downloads\cvproject\Dataset\in\in\Hyundai-i20-525727b.jpg_0000_0025_0418_0137_0097.png,0,0,137,97,1785MHH,ok,
,0,Hyundai-i20-523835b.jpg_0015_0500_0507_0180_0068.png,C:\Users\shrey\Downloads\cvproject\Dataset\in\in\Hyundai-i20-523835b.jpg_0015_0500_0507_0180_0068.png,0,0,180,68,MHT4CS2059,ok,
,0,Mahindra-Bolero-529017c.jpg_0000_0360_0344_0131_0045.png,C:\Users\shrey\Downloads\cvproject\Dataset\in\in\Mahindra-Bolero-529017c.jpg_0000_0360_0344_0131_0045.png,0,0,131,45,MH06BC4786,ok,
,0,Hyundai-i10-518863f.jpg_0016_0345_0556_0232_0057.png,C:\Users\shrey\Downloads\cvproject\Dataset\in\in\Hyundai-i10-518863f.jpg_0016_0345_0556_0232_0057.png,0,0,232,57,TN06F1742,ok,
,0,Chevrolet-Aveo-U-VA-528435c.jpg_0350_0204_0276_0165_0058.png,C:\Users\shrey\Downloads\cvproject\Dataset\in\in\Chevrolet-Aveo-U-VA-528435c.jpg_0350_0204_0276_0165_0058.png,0,0,165,58,MHIFK46647,ok,
,0,Honda-City-529579e.jpg_0000_0316_0276_0189_0064.png,C:\Users\shrey\Downloads\cvproject\Dataset\in\in\Honda-City-529579e.jpg_0000_0316_0276_0189_0064.png,0,0,189,64,KA19MA4178,ok,
,0,Hyundai-i20-527245e.jpg_0000_0506_0398_0163_0079.png,C:\Users\shrey\Downloads\cvproject\Dataset\in\in\Hyundai-i20-527245e.jpg_0000_0506_0398_0163_0079.png,0,0,163,79,8677MHIZFPE,ok,
,0,Toyota-Etios-Liva-521420d.jpg_0000_0562_0341_0086_0054.png,C:\Users\shrey\Downloads\cvproject\Dataset\in\in\Toyota-Etios-Liva-521420d.jpg_0000_0562_0341_0086_0054.png,0,0,86,54,6MHO2E,ok,
,0,Maruti-Suzuki-Ritz-524055e.jpg_0000_0282_0262_0135_0031.png,C:\Users\shrey\Downloads\cvproject\Dataset\in\in\Maruti-Suzuki-Ritz-524055e.jpg_0000_0282_0262_0135_0031.png,0,0,135,31,HHO4E02091,ok,
,0,Honda-Civic-527379f.jpg_0000_0119_0155_0105_0035.png,C:\Users\shrey\Downloads\cvproject\Dataset\in\in\Honda-Civic-527379f.jpg_0000_0119_0155_0105_0035.png,0,0,105,35,MHO2AY4888,ok,
,0,Maruti-Suzuki-Alto-528069c.jpg_0351_0209_0503_0228_0053.png,C:\Users\shrey\Downloads\cvproject\Dataset\in\in\Maruti-Suzuki-Alto-528069c.jpg_0351_0209_0503_0228_0053.png,0,0,228,53,MH04DB1744,ok,
,0,Maruti-Suzuki-Swift-529298c.jpg_0000_0284_0446_0247_0072.png,C:\Users\shrey\Downloads\cvproject\Dataset\in\in\Maruti-Suzuki-Swift-529298c.jpg_0000_0284_0446_0247_0072.png,0,0,247,72,WBO6C3031,ok,
,0,Maruti-Suzuki-Swift-525760c.jpg_0350_0126_0258_0112_0035.png,C:\Users\shrey\Downloads\cvproject\Dataset\in\in\Maruti-Suzuki-Swift-525760c.jpg_0350_0126_0258_0112_0035.png,0,0,112,35,MHO4EF7201,ok,
,0,Maruti-Suzuki-Swift-Dzire-514762c.jpg_0000_0121_0203_0214_0065.png,C:\Users\shrey\Downloads\cvproject\Dataset\in\in\Maruti-Suzuki-Swift-Dzire-514762c.jpg_0000_0121_0203_0214_0065.png,0,0,214,65,DL9C56580,ok,
,0,Maruti-Suzuki-Alto-800-520088e.jpg_0000_0342_0427_0179_0042.png,C:\Users\shrey\Downloads\cvproject\Dataset\in\in\Maruti-Suzuki-Alto-800-520088e.jpg_0000_0342_0427_0179_0042.png,0,0,179,42,MH43AN2671,ok,
,0,Maruti-Suzuki-Omni-529383c.jpg_0006_0383_0376_0151_0061.png,C:\Users\shrey\Downloads\cvproject\Dataset\in\in\Maruti-Suzuki-Omni-529383c.jpg_0006_0383_0376_0151_0061.png,0,0,151,61,TN33AJ7490,ok,
,0,Honda-City-528413c.jpg_0018_0576_0308_0142_0069.png,C:\Users\shrey\Downloads\cvproject\Dataset\in\in\Honda-City-528413c.jpg_0018_0576_0308_0142_0069.png,0,0,142,69,KHILBR334,ok,
,0,Maruti-Suzuki-Swift-526696c.jpg_0001_0265_0466_0262_0061.png,C:\Users\shrey\Downloads\cvproject\Dataset\in\in\Maruti-Suzuki-Swift-526696c.jpg_0001_0265_0466_0262_0061.png,0,0,262,61,MH01AC8927,ok,
,0,Maruti-Suzuki-Ritz-527759b.jpg_0354_0206_0250_0173_0051.png,C:\Users\shrey\Downloads\cvproject\Dataset\in\in\Maruti-Suzuki-Ritz-527759b.jpg_0354_0206_0250_0173_0051.png,0,0,173,51,MHO4FA4492,ok,
,0,Mitsubishi-Outlander-524230b.jpg_0000_0300_0219_0156_0036.png,C:\Users\shrey\Downloads\cvproject\Dataset\in\in\Mitsubishi-Outlander-524230b.jpg_0000_0300_0219_0156_0036.png,0,0,156,36,MH4403,ok,
,0,Hyundai-Verna-529921c.jpg_0357_0078_0126_0087_0030.png,C:\Users\shrey\Downloads\cvproject\Dataset\in\in\Hyundai-Verna-529921c.jpg_0357_0078_0126_0087_0030.png,0,0,87,30,BZ8242,ok,
,0,Maruti-Suzuki-A-Star-525081c.jpg_0001_0253_0405_0204_0060.png,C:\Users\shrey\Downloads\cvproject\Dataset\in\in\Maruti-Suzuki-A-Star-525081c.jpg_0001_0253_0405_0204_0060.png,0,0,204,60,KLO7803489,ok,
,0,Hyundai-Santro-Xing-521162c.jpg_0000_0267_0291_0246_0086.png,C:\Users\shrey\Downloads\cvproject\Dataset\in\in\Hyundai-Santro-Xing-521162c.jpg_0000_0267_0291_0246_0086.png,0,0,246,86,MEE02DRA6768,ok,
,0,Honda-City-527019c.jpg_0000_0192_0174_0123_0036.png,C:\Users\shrey\Downloads\cvproject\Dataset\in\in\Honda-City-527019c.jpg_0000_0192_0174_0123_0036.png,0,0,123,36,MIU266R,ok,
,0,Hyundai-Accent-522891c.jpg_0358_0167_0345_0271_0060.png,C:\Users\shrey\Downloads\cvproject\Dataset\in\in\Hyundai-Accent-522891c.jpg_0358_0167_0345_0271_0060.png,0,0,271,60,DL8CAA3557,ok,
,0,Maruti-Suzuki-Swift-Dzire-526668d.jpg_0000_0300_0254_0233_0065.png,C:\Users\shrey\Downloads\cvproject\Dataset\in\in\Maruti-Suzuki-Swift-Dzire-526668d.jpg_0000_0300_0254_0233_0065.png,0,0,233,65,HHO5AS97871,ok,
,0,Skoda-Fabia-520019f.jpg_0000_0337_0525_0183_0062.png,C:\Users\shrey\Downloads\cvproject\Dataset\in\in\Skoda-Fabia-520019f.jpg_0000_0337_0525_0183_0062.png,0,0,183,62,OL3CBM648S,ok,
,0,Volkswagen-Vento-527913c.jpg_0006_0377_0362_0222_0059.png,C:\Users\shrey\Downloads\cvproject\Dataset\in\in\Volkswagen-Vento-527913c.jpg_0006_0377_0362_0222_0059.png,0,0,222,59,TNO7BT38597,ok,
,0,Hyundai-i20-528709c.jpg_0000_0287_0469_0216_0056.png,C:\Users\shrey\Downloads\cvproject\Dataset\in\in\Hyundai-i20-528709c.jpg_0000_0287_0469_0216_0056.png,0,0,216,56,NB06H2315,ok,
,0,Hyundai-Santro-Xing-528018c.jpg_0357_0372_0257_0221_0057.png,C:\Users\shrey\Downloads\cvproject\Dataset\in\in\Hyundai-Santro-Xing-528018c.jpg_0357_0372_0257_0221_0057.png,0,0,221,57,DL7CJ3540,ok,
,0,Chevrolet-Spark-528875c.jpg_0000_0263_0302_0224_0059.png,C:\Users\shrey\Downloads\cvproject\Dataset\in\in\Chevrolet-Spark-528875c.jpg_0000_0263_0302_0224_0059.png,0,0,224,59,MH02BP5424,ok,
,0,Ford-Figo-521865c.jpg_0000_0244_0498_0311_0073.png,C:\Users\shrey\Downloads\cvproject\Dataset\in\in\Ford-Figo-521865c.jpg_0000_0244_0498_0311_0073.png,0,0,311,73,INDHB0667172,ok,
,0,Maruti-Suzuki-Alto-527564d.jpg_0000_0116_0294_0075_0017.png,C:\Users\shrey\Downloads\cvproject\Dataset\in\in\Maruti-Suzuki-Alto-527564d.jpg_0000_0116_0294_0075_0017.png,0,0,75,17,MII0HTIS,ok,
,0,Maruti-Suzuki-Ritz-513525c.jpg_0357_0149_0184_0128_0030.png,C:\Users\shrey\Downloads\cvproject\Dataset\in\in\Maruti-Suzuki-Ritz-513525c.jpg_0357_0149_0184_0128_0030.png,0,0,128,30,DL9CACZ8BB,ok,
,0,Hyundai-Santro-Xing-520026c.jpg_0001_0257_0313_0265_0071.png,C:\Users\shrey\Downloads\cvproject\Dataset\in\in\Hyundai-Santro-Xing-520026c.jpg_0001_0257_0313_0265_0071.png,0,0,265,71,DL8CAA2668,ok,
,0,Ford-Fiesta-Classic-527869c.jpg_0000_0212_0339_0281_0066.png,C:\Users\shrey\Downloads\cvproject\Dataset\in\in\Ford-Fiesta-Classic-527869c.jpg_0000_0212_0339_0281_0066.png,0,0,281,66,DL4CAF6735,ok,
,0,Ford-Figo-521865d.jpg_0000_0264_0443_0275_0060.png,C:\Users\shrey\Downloads\cvproject\Dataset\in\in\Ford-Figo-521865d.jpg_0000_0264_0443_0275_0060.png,0,0,275,60,JNDMB0667172,ok,
,0,Hyundai-Santro-Xing-529277c.jpg_0000_0312_0267_0164_0058.png,C:\Users\shrey\Downloads\cvproject\Dataset\in\in\Hyundai-Santro-Xing-529277c.jpg_0000_0312_0267_0164_0058.png,0,0,164,58,MHO4B06905,ok,
,0,Mahindra-Scorpio-525110c.jpg_0352_0282_0404_0184_0061.png,C:\Users\shrey\Downloads\cvproject\Dataset\in\in\Mahindra-Scorpio-525110c.jpg_0352_0282_0404_0184_0061.png,0,0,184,61,MEIZET7866,ok,
,0,Hyundai-Verna-530303c.jpg_0000_0355_0286_0178_0054.png,C:\Users\shrey\Downloads\cvproject\Dataset\in\in\Hyundai-Verna-530303c.jpg_0000_0355_0286_0178_0054.png,0,0,178,54,PBIOCE5758,ok,
,0,Hyundai-Santro-Xing-527042b.jpg_0000_0273_0241_0120_0041.png,C:\Users\shrey\Downloads\cvproject\Dataset\in\in\Hyundai-Santro-Xing-527042b.jpg_0000_0273_0241_0120_0041.png,0,0,120,41,TN07BB4423,ok,
,0,Ford-Endeavour-529482b.jpg_0000_0236_0299_0121_0037.png,C:\Users\shrey\Downloads\cvproject\Dataset\in\in\Ford-Endeavour-529482b.jpg_0000_0236_0299_0121_0037.png,0,0,121,37,IKA04MC5235,ok,
,0,Tata-Nano-521319c.jpg_0000_0146_0370_0152_0039.png,C:\Users\shrey\Downloads\cvproject\Dataset\in\in\Tata-Nano-521319c.jpg_0000_0146_0370_0152_0039.png,0,0,152,39,DLACAL1477,ok,
,0,Fiat-Palio-Stile-528458c.jpg_0000_0279_0261_0287_0076.png,C:\Users\shrey\Downloads\cvproject\Dataset\in\in\Fiat-Palio-Stile-528458c.jpg_0000_0279_0261_0287_0076.png,0,0,287,76,KL3944864,ok,
,0,Hyundai-i20-517560c.jpg_0038_0553_0452_0100_0039.png,C:\Users\shrey\Downloads\cvproject\Dataset\in\in\Hyundai-i20-517560c.jpg_0038_0553_0452_0100_0039.png,0,0,100,39,CF9810,ok,
,0,Volkswagen-Polo-526811c.jpg_0003_0282_0455_0264_0075.png,C:\Users\shrey\Downloads\cvproject\Dataset\in\in\Volkswagen-Polo-526811c.jpg_0003_0282_0455_0264_0075.png,0,0,264,75,INQWB0669042,ok,
,0,Tata-Nano-521319b.jpg_0003_0262_0485_0191_0044.png,C:\Users\shrey\Downloads\cvproject\Dataset\in\in\Tata-Nano-521319b.jpg_0003_0262_0485_0191_0044.png,0,0,191,44,DL4CALI477,ok,
,0,Tata-Sumo-Grande-MK-II-527304c.jpg_0000_0258_0380_0317_0061.png,C:\Users\shrey\Downloads\cvproject\Dataset\in\in\Tata-Sumo-Grande-MK-II-527304c.jpg_0000_0258_0380_0317_0061.png,0,0,317,61,WB26K1335,ok,
,0,Maruti-Suzuki-Swift-Dzire-529112c.jpg_0000_0262_0304_0266_0078.png,C:\Users\shrey\Downloads\cvproject\Dataset\in\in\Maruti-Suzuki-Swift-Dzire-529112c.jpg_0000_0262_0304_0266_0078.png,0,0,266,78,PBOBBP1616,ok,
,0,Toyota-Corolla-Altis-513912c.jpg_0002_0136_0184_0164_0040.png,C:\Users\shrey\Downloads\cvproject\Dataset\in\in\Toyota-Corolla-Altis-513912c.jpg_0002_0136_0184_0164_0040.png,0,0,164,40,DL3CBV7949,ok,
,0,Maruti-Suzuki-Ritz-514713f.jpg_0351_0110_0179_0095_0028.png,C:\Users\shrey\Downloads\cvproject\Dataset\in\in\Maruti-Suzuki-Ritz-514713f.jpg_0351_0110_0179_0095_0028.png,0,0,95,28,VMT40450087,ok,
,0,Ford-Fiesta--2006-2011--519819b.jpg_0350_0198_0340_0164_0041.png,C:\Users\shrey\Downloads\cvproject\Dataset\in\in\Ford-Fiesta--2006-2011--519819b.jpg_0350_0198_0340_0164_0041.png,0,0,164,41,MH14AV5091,ok,
,0,Chevrolet-Aveo-U-VA-527747c.jpg_0352_0186_0301_0166_0060.png,C:\Users\shrey\Downloads\cvproject\Dataset\in\in\Chevrolet-Aveo-U-VA-527747c.jpg_0352_0186_0301_0166_0060.png,0,0,166,60,MH12FU780,ok,
,0,Hyundai-Santro-Xing-521397b.jpg_0018_0599_0485_0139_0049.png,C:\Users\shrey\Downloads\cvproject\Dataset\in\in\Hyundai-Santro-Xing-521397b.jpg_0018_0599_0485_0139_0049.png,0,0,139,49,INU9WF9194,ok,
,0,Maruti-Suzuki-Alto-515755d.jpg_0000_0161_0182_0117_0038.png,C:\Users\shrey\Downloads\cvproject\Dataset\in\in\Maruti-Suzuki-Alto-515755d.jpg_0000_0161_0182_0117_0038.png,0,0,117,38,DLZCAN4832,ok,
,0,Chevrolet-Cruze-524899c.jpg_0001_0245_0346_0243_0057.png,C:\Users\shrey\Downloads\cvproject\Dataset\in\in\Chevrolet-Cruze-524899c.jpg_0001_0245_0346_0243_0057.png,0,0,243,57,NB06F5364,ok,
,0,Chevrolet-Cruze-524697c.jpg_0005_0403_0296_0178_0057.png,C:\Users\shrey\Downloads\cvproject\Dataset\in\in\Chevrolet-Cruze-524697c.jpg_0005_0403_0296_0178_0057.png,0,0,178,57,PB10DN2421,ok,
,0,Hyundai-i10-529795c.jpg_0358_0321_0529_0154_0039.png,C:\Users\shrey\Downloads\cvproject\Dataset\in\in\Hyundai-i10-529795c.jpg_0358_0321_0529_0154_0039.png,0,0,154,39,BH9303,ok,
,0,Honda-City-527481f.jpg_0000_0116_0250_0092_0018.png,C:\Users\shrey\Downloads\cvproject\Dataset\in\in\Honda-City-527481f.jpg_0000_0116_0250_0092_0018.png,0,0,92,18,MI02BZV644,ok,
,0,Maruti-Suzuki-Swift-525066b.jpg_0000_0613_0376_0133_0129.png,C:\Users\shrey\Downloads\cvproject\Dataset\in\in\Maruti-Suzuki-Swift-525066b.jpg_0000_0613_0376_0133_0129.png,0,0,133,129,MH12FU5326,ok,
,0,Nissan-Sunny-527636g.jpg_0351_0175_0272_0214_0064.png,C:\Users\shrey\Downloads\cvproject\Dataset\in\in\Nissan-Sunny-527636g.jpg_0351_0175_0272_0214_0064.png,0,0,214,64,MH12JC3534,ok,
,0,Maruti-Suzuki-Gypsy-524751d.jpg_0000_0367_0358_0084_0032.png,C:\Users\shrey\Downloads\cvproject\Dataset\in\in\Maruti-Suzuki-Gypsy-524751d.jpg_0000_0367_0358_0084_0032.png,0,0,84,32,AF1619,ok,
,0,Maruti-Suzuki-Swift-Old-522082c.jpg_0000_0269_0471_0258_0060.png,C:\Users\shrey\Downloads\cvproject\Dataset\in\in\Maruti-Suzuki-Swift-Old-522082c.jpg_0000_0269_0471_0258_0060.png,0,0,258,60,AP09BN9289,ok,
,0,Ford-Fiesta-526825c.jpg_0000_0268_0330_0248_0069.png,C:\Users\shrey\Downloads\cvproject\Dataset\in\in\Ford-Fiesta-526825c.jpg_0000_0268_0330_0248_0069.png,0,0,248,69,MH0IYA4487,ok,
,0,Hyundai-Santro-Xing-530363c.jpg_0000_0283_0358_0191_0039.png,C:\Users\shrey\Downloads\cvproject\Dataset\in\in\Hyundai-Santro-Xing-530363c.jpg_0000_0283_0358_0191_0039.png,0,0,191,39,AX6615,ok,
,0,Honda-City-528530d.jpg_0355_0275_0281_0208_0053.png,C:\Users\shrey\Downloads\cvproject\Dataset\in\in\Honda-City-528530d.jpg_0355_0275_0281_0208_0053.png,0,0,208,53,MH3428679,ok,
,0,Hyundai-Verna-526678c.jpg_0000_0272_0341_0254_0075.png,C:\Users\shrey\Downloads\cvproject\Dataset\in\in\Hyundai-Verna-526678c.jpg_0000_0272_0341_0254_0075.png,0,0,254,75,HHI4CC2054,ok,
,0,Hyundai-Santro-Xing-528870c.jpg_0000_0269_0267_0187_0062.png,C:\Users\shrey\Downloads\cvproject\Dataset\in\in\Hyundai-Santro-Xing-528870c.jpg_0000_0269_0267_0187_0062.png,0,0,187,62,MH03Z4583,ok,
,0,Tata-Indigo-CS-513908d.jpg_0000_0131_0185_0200_0047.png,C:\Users\shrey\Downloads\cvproject\Dataset\in\in\Tata-Indigo-CS-513908d.jpg_0000_0131_0185_0200_0047.png,0,0,200,47,AP21Q6978,ok,
,0,Renault-Duster-529597c.jpg_0000_0316_0383_0174_0040.png,C:\Users\shrey\Downloads\cvproject\Dataset\in\in\Renault-Duster-529597c.jpg_0000_0316_0383_0174_0040.png,0,0,174,40,KA19MD2608,ok,
,0,Maruti-Suzuki-Swift-525406e.jpg_0347_0130_0336_0169_0041.png,C:\Users\shrey\Downloads\cvproject\Dataset\in\in\Maruti-Suzuki-Swift-525406e.jpg_0347_0130_0336_0169_0041.png,0,0,169,41,M16AB1240,ok,
,0,Honda-City-528530c.jpg_0354_0082_0335_0186_0055.png,C:\Users\shrey\Downloads\cvproject\Dataset\in\in\Honda-City-528530c.jpg_0354_0082_0335_0186_0055.png,0,0,186,55,HKI3AZ8679,ok,
,0,Hyundai-Santro-Xing-521263g.jpg_0000_0236_0357_0274_0078.png,C:\Users\shrey\Downloads\cvproject\Dataset\in\in\Hyundai-Santro-Xing-521263g.jpg_0000_0236_0357_0274_0078.png,0,0,274,78,DL10CD7259,ok,
,0,Maruti-Suzuki-Swift-Dzire-526216e.jpg_0000_0277_0345_0250_0071.png,C:\Users\shrey\Downloads\cvproject\Dataset\in\in\Maruti-Suzuki-Swift-Dzire-526216e.jpg_0000_0277_0345_0250_0071.png,0,0,250,71,MH12FF3425,ok,
,0,Maruti-Suzuki-Wagon-R-519209b.jpg_0000_0230_0270_0232_0049.png,C:\Users\shrey\Downloads\cvproject\Dataset\in\in\Maruti-Suzuki-Wagon-R-519209b.jpg_0000_0230_0270_0232_0049.png,0,0,232,49,MHOZBJ5704,ok,
,0,Toyota-Innova-526598c.jpg_0000_0310_0318_0175_0082.png,C:\Users\shrey\Downloads\cvproject\Dataset\in\in\Toyota-Innova-526598c.jpg_0000_0310_0318_0175_0082.png,0,0,175,82,MP48BD10G9,ok,
,0,Volkswagen-Polo-518687c.jpg_0000_0154_0263_0188_0051.png,C:\Users\shrey\Downloads\cvproject\Dataset\in\in\Volkswagen-Polo-518687c.jpg_0000_0154_0263_0188_0051.png,0,0,188,51,0J4KD6571,ok,
,0,Maruti-Suzuki-Zen-Estilo-515306c.jpg_0024_0448_0430_0133_0039.png,C:\Users\shrey\Downloads\cvproject\Dataset\in\in\Maruti-Suzuki-Zen-Estilo-515306c.jpg_0024_0448_0430_0133_0039.png,0,0,133,39,TN088,ok,
,0,Hyundai-Eon-525721h.jpg_0015_0345_0444_0167_0039.png,C:\Users\shrey\Downloads\cvproject\Dataset\in\in\Hyundai-Eon-525721h.jpg_0015_0345_0444_0167_0039.png,0,0,167,39,KL07BU5237,ok,
,0,Hyundai-i20-516865b.jpg_0000_0306_0473_0263_0049.png,C:\Users\shrey\Downloads\cvproject\Dataset\in\in\Hyundai-i20-516865b.jpg_0000_0306_0473_0263_0049.png,0,0,263,49,GJ1KC9974,ok,
,0,Chevrolet-Beat-519533c.jpg_0006_0402_0386_0232_0067.png,C:\Users\shrey\Downloads\cvproject\Dataset\in\in\Chevrolet-Beat-519533c.jpg_0006_0402_0386_0232_0067.png,0,0,232,67,NDHB06J5095,ok,
,0,Maruti-Suzuki-Swift-515757c.jpg_0000_0149_0288_0146_0063.png,C:\Users\shrey\Downloads\cvproject\Dataset\in\in\Maruti-Suzuki-Swift-515757c.jpg_0000_0149_0288_0146_0063.png,0,0,146,63,DL3C4Z3091,ok,
,0,Hyundai-i10-528896d.jpg_0015_0547_0333_0115_0042.png,C:\Users\shrey\Downloads\cvproject\Dataset\in\in\Hyundai-i10-528896d.jpg_0015_0547_0333_0115_0042.png,0,0,115,42,MH12GR709,ok,
,0,Toyota-Corolla-Altis-523828c.jpg_0357_0279_0371_0198_0050.png,C:\Users\shrey\Downloads\cvproject\Dataset\in\in\Toyota-Corolla-Altis-523828c.jpg_0357_0279_0371_0198_0050.png,0,0,198,50,AE1750F,ok,
,0,Honda-Civic-526867c.jpg_0336_-015_0209_0215_0058.png,C:\Users\shrey\Downloads\cvproject\Dataset\in\in\Honda-Civic-526867c.jpg_0336_-015_0209_0215_0058.png,0,0,215,58,ZFHEO077,ok,
,0,Honda-City-528644d.jpg_0000_0344_0127_0080_0048.png,C:\Users\shrey\Downloads\cvproject\Dataset\in\in\Honda-City-528644d.jpg_0000_0344_0127_0080_0048.png,0,0,80,48,RJ8GC42680,ok,
,0,Volkswagen-Polo-525091b.jpg_0336_0157_0370_0164_0047.png,C:\Users\shrey\Downloads\cvproject\Dataset\in\in\Volkswagen-Polo-525091b.jpg_0336_0157_0370_0164_0047.png,0,0,164,47,MHIZGF788,ok,
,0,Maruti-Suzuki-A-Star-523821c.jpg_0000_0346_0423_0148_0034.png,C:\Users\shrey\Downloads\cvproject\Dataset\in\in\Maruti-Suzuki-A-Star-523821c.jpg_0000_0346_0423_0148_0034.png,0,0,148,34,Z1645,ok,
,0,Chevrolet-Beat-526749c.jpg_0000_0285_0399_0201_0047.png,C:\Users\shrey\Downloads\cvproject\Dataset\in\in\Chevrolet-Beat-526749c.jpg_0000_0285_0399_0201_0047.png,0,0,201,47,DL13CBO545,ok,
,0,Hyundai-i20-524723c.jpg_0002_0290_0471_0222_0061.png,C:\Users\shrey\Downloads\cvproject\Dataset\in\in\Hyundai-i20-524723c.jpg_0002_0290_0471_0222_0061.png,0,0,222,61,MH01AV506,ok,
,0,Maruti-Suzuki-Swift-525957e.jpg_0000_0246_0443_0223_0052.png,C:\Users\shrey\Downloads\cvproject\Dataset\in\in\Maruti-Suzuki-Swift-525957e.jpg_0000_0246_0443_0223_0052.png,0,0,223,52,KA51MA425,ok,
,0,Maruti-Suzuki-Zen-Estilo-527891b.jpg_0004_0325_0503_0206_0036.png,C:\Users\shrey\Downloads\cvproject\Dataset\in\in\Maruti-Suzuki-Zen-Estilo-527891b.jpg_0004_0325_0503_0206_0036.png,0,0,206,36,MH12GF04062,ok,
,0,Hyundai-i20-520214d.jpg_0000_0542_0307_0140_0103.png,C:\Users\shrey\Downloads\cvproject\Dataset\in\in\Hyundai-i20-520214d.jpg_0000_0542_0307_0140_0103.png,0,0,140,103,MHI2GV8947,ok,
,0,Hyundai-Verna-514742c.jpg_0000_0085_0153_0134_0053.png,C:\Users\shrey\Downloads\cvproject\Dataset\in\in\Hyundai-Verna-514742c.jpg_0000_0085_0153_0134_0053.png,0,0,134,53,CSM21LB3,ok,
,0,Maruti-Suzuki-Wagon-R-521164b.jpg_0337_0052_0342_0172_0060.png,C:\Users\shrey\Downloads\cvproject\Dataset\in\in\Maruti-Suzuki-Wagon-R-521164b.jpg_0337_0052_0342_0172_0060.png,0,0,172,60,LECAN4EV,ok,
,0,Maruti-Suzuki-Wagon-R-530291c.jpg_0000_0270_0316_0222_0075.png,C:\Users\shrey\Downloads\cvproject\Dataset\in\in\Maruti-Suzuki-Wagon-R-530291c.jpg_0000_0270_0316_0222_0075.png,0,0,222,75,MH04EF6211,ok,
,0,Honda-City-ZX-528206d.jpg_0003_0098_0290_0130_0027.png,C:\Users\shrey\Downloads\cvproject\Dataset\in\in\Honda-City-ZX-528206d.jpg_0003_0098_0290_0130_0027.png,0,0,130,27,MTO4DN3751,ok,
,0,Maruti-Suzuki-Swift-Dzire-526239c.jpg_0000_0446_0244_0175_0110.png,C:\Users\shrey\Downloads\cvproject\Dataset\in\in\Maruti-Suzuki-Swift-Dzire-526239c.jpg_0000_0446_0244_0175_0110.png,0,0,175,110,PBDD688,ok,
,0,Ford-Fiesta--2006-2011--516654c.jpg_0002_0202_0309_0368_0092.png,C:\Users\shrey\Downloads\cvproject\Dataset\in\in\Ford-Fiesta--2006-2011--516654c.jpg_0002_0202_0309_0368_0092.png,0,0,368,92,AP29AJ4668,ok,
,0,Maruti-Suzuki-Swift-Old-522216c.jpg_0000_0286_0446_0214_0050.png,C:\Users\shrey\Downloads\cvproject\Dataset\in\in\Maruti-Suzuki-Swift-Old-522216c.jpg_0000_0286_0446_0214_0050.png,0,0,214,50,MH12FY8925,ok,
,0,Chevrolet-Spark-527714b.jpg_0000_0133_0274_0074_0022.png,C:\Users\shrey\Downloads\cvproject\Dataset\in\in\Chevrolet-Spark-527714b.jpg_0000_0133_0274_0074_0022.png,0,0,74,22,F4225V325,ok,
,0,Maruti-Suzuki-Ritz-526222c.jpg_0000_0178_0395_0326_0162.png,C:\Users\shrey\Downloads\cvproject\Dataset\in\in\Maruti-Suzuki-Ritz-526222c.jpg_0000_0178_0395_0326_0162.png,0,0,326,162,AA6300AP25,ok,
,0,Hyundai-i10-521831h.jpg_0342_0063_0442_0184_0051.png,C:\Users\shrey\Downloads\cvproject\Dataset\in\in\Hyundai-i10-521831h.jpg_0342_0063_0442_0184_0051.png,0,0,184,51,ET731MMM12,ok,
,0,Maruti-Suzuki-Wagon-R-522694c.jpg_0000_0277_0321_0192_0061.png,C:\Users\shrey\Downloads\cvproject\Dataset\in\in\Maruti-Suzuki-Wagon-R-522694c.jpg_0000_0277_0321_0192_0061.png,0,0,192,61,MHO4ED9960,ok,
,0,Hyundai-Verna-519395c.jpg_0348_0111_0328_0298_0079.png,C:\Users\shrey\Downloads\cvproject\Dataset\in\in\Hyundai-Verna-519395c.jpg_0348_0111_0328_0298_0079.png,0,0,298,79,GJIKC6890,ok,
,0,Honda-City-523688c.jpg_0000_0153_0320_0224_0130.png,C:\Users\shrey\Downloads\cvproject\Dataset\in\in\Honda-City-523688c.jpg_0000_0153_0320_0224_0130.png,0,0,224,130,MH17AA1199,ok,
,0,Chevrolet-Spark-529084c.jpg_0000_0301_0291_0203_0063.png,C:\Users\shrey\Downloads\cvproject\Dataset\in\in\Chevrolet-Spark-529084c.jpg_0000_0301_0291_0203_0063.png,0,0,203,63,WB20H5315,ok,
,0,Maruti-Suzuki-Zen-530403c.jpg_0021_0594_0504_0111_0055.png,C:\Users\shrey\Downloads\cvproject\Dataset\in\in\Maruti-Suzuki-Zen-530403c.jpg_0021_0594_0504_0111_0055.png,0,0,111,55,4DCRA,ok,
,0,Hyundai-Verna-526999c.jpg_0000_0182_0209_0211_0055.png,C:\Users\shrey\Downloads\cvproject\Dataset\in\in\Hyundai-Verna-526999c.jpg_0000_0182_0209_0211_0055.png,0,0,211,55,WB06A6630,ok,
,0,Honda-City-530305c.jpg_0000_0303_0343_0239_0056.png,C:\Users\shrey\Downloads\cvproject\Dataset\in\in\Honda-City-530305c.jpg_0000_0303_0343_0239_0056.png,0,0,239,56,MH04DW1072,ok,
,0,Hyundai-Getz-Prime-525724c.jpg_0000_0314_0300_0183_0062.png,C:\Users\shrey\Downloads\cvproject\Dataset\in\in\Hyundai-Getz-Prime-525724c.jpg_0000_0314_0300_0183_0062.png,0,0,183,62,MH12FU8015,ok,
,0,Honda-Civic-528743c.jpg_0000_0264_0281_0216_0055.png,C:\Users\shrey\Downloads\cvproject\Dataset\in\in\Honda-Civic-528743c.jpg_0000_0264_0281_0216_0055.png,0,0,216,55,DL4CAH5745,ok,
,0,Mahindra-Scorpio-530378c.jpg_0007_0314_0397_0236_0054.png,C:\Users\shrey\Downloads\cvproject\Dataset\in\in\Mahindra-Scorpio-530378c.jpg_0007_0314_0397_0236_0054.png,0,0,236,54,INOIAJ8334,ok,
,0,Ford-Figo-523558c.jpg_0001_0227_0413_0375_0083.png,C:\Users\shrey\Downloads\cvproject\Dataset\in\in\Ford-Figo-523558c.jpg_0001_0227_0413_0375_0083.png,0,0,375,83,AP29BJ3434,ok,
,0,Maruti-Suzuki-Wagon-R-526607c.jpg_0000_0116_0150_0096_0022.png,C:\Users\shrey\Downloads\cvproject\Dataset\in\in\Maruti-Suzuki-Wagon-R-526607c.jpg_0000_0116_0150_0096_0022.png,0,0,96,22,TMDAAJ8806,ok,
,0,Maruti-Suzuki-800-527755b.jpg_0337_0161_0405_0152_0035.png,C:\Users\shrey\Downloads\cvproject\Dataset\in\in\Maruti-Suzuki-800-527755b.jpg_0337_0161_0405_0152_0035.png,0,0,152,35,MJ25X0367,ok,
,0,Maruti-Suzuki-Alto-523839b.jpg_0329_0081_0479_0156_0052.png,C:\Users\shrey\Downloads\cvproject\Dataset\in\in\Maruti-Suzuki-Alto-523839b.jpg_0329_0081_0479_0156_0052.png,0,0,156,52,HI1RSE3050,ok,
,0,Maruti-Suzuki-Ertiga-525955b.jpg_0012_0586_0402_0121_0047.png,C:\Users\shrey\Downloads\cvproject\Dataset\in\in\Maruti-Suzuki-Ertiga-525955b.jpg_0012_0586_0402_0121_0047.png,0,0,121,47,M5MC6209,ok,
,0,Ford-Figo-528899b.jpg_0000_0572_0385_0108_0096.png,C:\Users\shrey\Downloads\cvproject\Dataset\in\in\Ford-Figo-528899b.jpg_0000_0572_0385_0108_0096.png,0,0,108,96,FUWUFE2U5,ok,
,0,Ford-Figo-523070c.jpg_0000_0273_0258_0217_0058.png,C:\Users\shrey\Downloads\cvproject\Dataset\in\in\Ford-Figo-523070c.jpg_0000_0273_0258_0217_0058.png,0,0,217,58,MH04EH5222,ok,
,0,Mahindra-Scorpio-524457c.jpg_0003_0282_0382_0223_0060.png,C:\Users\shrey\Downloads\cvproject\Dataset\in\in\Mahindra-Scorpio-524457c.jpg_0003_0282_0382_0223_0060.png,0,0,223,60,WBO2Y5768,ok,
,0,Volkswagen-Vento-522725c.jpg_0358_0280_0281_0221_0058.png,C:\Users\shrey\Downloads\cvproject\Dataset\in\in\Volkswagen-Vento-522725c.jpg_0358_0280_0281_0221_0058.png,0,0,221,58,MAO3AZ5O74,ok,
,0,Chevrolet-Optra-SRV-527739d.jpg_0344_0081_0265_0139_0044.png,C:\Users\shrey\Downloads\cvproject\Dataset\in\in\Chevrolet-Optra-SRV-527739d.jpg_0344_0081_0265_0139_0044.png,0,0,139,44,MADE01784,ok,
,0,Maruti-Suzuki-Wagon-R-521375c.jpg_0000_0299_0337_0226_0053.png,C:\Users\shrey\Downloads\cvproject\Dataset\in\in\Maruti-Suzuki-Wagon-R-521375c.jpg_0000_0299_0337_0226_0053.png,0,0,226,53,APIOAP1498,ok,
,0,Tata-Indigo-CS-518416b.jpg_0000_0281_0397_0266_0062.png,C:\Users\shrey\Downloads\cvproject\Dataset\in\in\Tata-Indigo-CS-518416b.jpg_0000_0281_0397_0266_0062.png,0,0,266,62,MHA6NO9SO,ok,
,0,Hyundai-i20-527394b.jpg_0000_0219_0389_0200_0058.png,C:\Users\shrey\Downloads\cvproject\Dataset\in\in\Hyundai-i20-527394b.jpg_0000_0219_0389_0200_0058.png,0,0,200,58,MH12FK35O0,ok,
,0,Hyundai-Getz-528810c.jpg_0012_0476_0437_0156_0043.png,C:\Users\shrey\Downloads\cvproject\Dataset\in\in\Hyundai-Getz-528810c.jpg_0012_0476_0437_0156_0043.png,0,0,156,43,02R33370,ok,
,0,Chevrolet-Cruze-527731h.jpg_0000_0362_0166_0118_0075.png,C:\Users\shrey\Downloads\cvproject\Dataset\in\in\Chevrolet-Cruze-527731h.jpg_0000_0362_0166_0118_0075.png,0,0,118,75,4515MHISCT,ok,
,0,Hyundai-i20-522790c.jpg_0000_0290_0473_0167_0064.png,C:\Users\shrey\Downloads\cvproject\Dataset\in\in\Hyundai-i20-522790c.jpg_0000_0290_0473_0167_0064.png,0,0,167,64,DL10CA4752,ok,
,0,Honda-City-ZX-524688g.jpg_0008_0393_0386_0126_0029.png,C:\Users\shrey\Downloads\cvproject\Dataset\in\in\Honda-City-ZX-524688g.jpg_0008_0393_0386_0126_0029.png,0,0,126,29,LLX42DIEPD,ok,
,0,Volvo-XC90-524182b.jpg_0002_0391_0414_0199_0045.png,C:\Users\shrey\Downloads\cvproject\Dataset\in\in\Volvo-XC90-524182b.jpg_0002_0391_0414_0199_0045.png,0,0,199,45,MHL1BB3OGO,ok,
,0,Maruti-Suzuki-Wagon-R-Duo-518026c.jpg_0000_0264_0337_0249_0066.png,C:\Users\shrey\Downloads\cvproject\Dataset\in\in\Maruti-Suzuki-Wagon-R-Duo-518026c.jpg_0000_0264_0337_0249_0066.png,0,0,249,66,MH04CZ1992,ok,
,0,Maruti-Suzuki-SX4-527529b.jpg_0352_0093_0184_0119_0048.png,C:\Users\shrey\Downloads\cvproject\Dataset\in\in\Maruti-Suzuki-SX4-527529b.jpg_0352_0093_0184_0119_0048.png,0,0,119,48,040J7852,ok,
,0,Hyundai-Fluidic-Verna-521365c.jpg_0356_0165_0334_0265_0079.png,C:\Users\shrey\Downloads\cvproject\Dataset\in\in\Hyundai-Fluidic-Verna-521365c.jpg_0356_0165_0334_0265_0079.png,0,0,265,79,APO9CR2399,ok,
,0,Hyundai-Verna-526317c.jpg_0000_0289_0282_0232_0098.png,C:\Users\shrey\Downloads\cvproject\Dataset\in\in\Hyundai-Verna-526317c.jpg_0000_0289_0282_0232_0098.png,0,0,232,98,IDLCAL4840,ok,
,0,Maruti-Suzuki-Swift-526743c.jpg_0000_0263_0501_0147_0064.png,C:\Users\shrey\Downloads\cvproject\Dataset\in\in\Maruti-Suzuki-Swift-526743c.jpg_0000_0263_0501_0147_0064.png,0,0,147,64,IMH12FF869,ok,
,0,Hyundai-i10-525673c.jpg_0000_0237_0516_0252_0072.png,C:\Users\shrey\Downloads\cvproject\Dataset\in\in\Hyundai-i10-525673c.jpg_0000_0237_0516_0252_0072.png,0,0,252,72,AP05BY0244,ok,
,0,Hyundai-i20-520473c.jpg_0000_0265_0519_0214_0061.png,C:\Users\shrey\Downloads\cvproject\Dataset\in\in\Hyundai-i20-520473c.jpg_0000_0265_0519_0214_0061.png,0,0,214,61,UP16AA9755,ok,
,0,Maruti-Suzuki-New-Swift-DZire-522133c.jpg_0355_0278_0275_0198_0066.png,C:\Users\shrey\Downloads\cvproject\Dataset\in\in\Maruti-Suzuki-New-Swift-DZire-522133c.jpg_0355_0278_0275_0198_0066.png,0,0,198,66,AP28BV9276,ok,
,0,Toyota-Innova-528262d.jpg_0339_0182_0312_0237_0055.png,C:\Users\shrey\Downloads\cvproject\Dataset\in\in\Toyota-Innova-528262d.jpg_0339_0182_0312_0237_0055.png,0,0,237,55,8H06AN8699,ok,
,0,Honda-City-520524c.jpg_0030_0590_0400_0189_0040.png,C:\Users\shrey\Downloads\cvproject\Dataset\in\in\Honda-City-520524c.jpg_0030_0590_0400_0189_0040.png,0,0,189,40,IMB12EF8680,ok,
,0,Ford-Figo-528471b.jpg_0003_0259_0505_0219_0063.png,C:\Users\shrey\Downloads\cvproject\Dataset\in\in\Ford-Figo-528471b.jpg_0003_0259_0505_0219_0063.png,0,0,219,63,NHAGDT6998,ok,
,0,Nissan-Micra-528516b.jpg_0344_0127_0409_0187_0051.png,C:\Users\shrey\Downloads\cvproject\Dataset\in\in\Nissan-Micra-528516b.jpg_0344_0127_0409_0187_0051.png,0,0,187,51,MHO2CBSL4,ok,
,0,Toyota-Etios-Liva-518045c.jpg_0349_0224_0393_0222_0052.png,C:\Users\shrey\Downloads\cvproject\Dataset\in\in\Toyota-Etios-Liva-518045c.jpg_0349_0224_0393_0222_0052.png,0,0,222,52,IN01AR1200,ok,
,0,Chevrolet-Cruze-528849b.jpg_0358_0317_0268_0198_0054.png,C:\Users\shrey\Downloads\cvproject\Dataset\in\in\Chevrolet-Cruze-528849b.jpg_0358_0317_0268_0198_0054.png,0,0,198,54,KA34N3007,ok,
,0,Hyundai-i20-523669h.jpg_0352_0185_0435_0194_0044.png,C:\Users\shrey\Downloads\cvproject\Dataset\in\in\Hyundai-i20-523669h.jpg_0352_0185_0435_0194_0044.png,0,0,194,44,INIQAF1638,ok,
,0,Tata-Nano-528368d.jpg_0000_0250_0412_0215_0060.png,C:\Users\shrey\Downloads\cvproject\Dataset\in\in\Tata-Nano-528368d.jpg_0000_0250_0412_0215_0060.png,0,0,215,60,MH42K7341,ok,
,0,Honda-Brio-528396c.jpg_0023_0455_0434_0143_0062.png,C:\Users\shrey\Downloads\cvproject\Dataset\in\in\Honda-Brio-528396c.jpg_0023_0455_0434_0143_0062.png,0,0,143,62,MH4DT2900,ok,
,0,Mahindra-Scorpio-520584c.jpg_0000_0331_0337_0176_0041.png,C:\Users\shrey\Downloads\cvproject\Dataset\in\in\Mahindra-Scorpio-520584c.jpg_0000_0331_0337_0176_0041.png,0,0,176,41,NB20Z5984,ok,
,0,Hyundai-Santro-Xing-523465c.jpg_0336_0213_0346_0206_0077.png,C:\Users\shrey\Downloads\cvproject\Dataset\in\in\Hyundai-Santro-Xing-523465c.jpg_0336_0213_0346_0206_0077.png,0,0,206,77,MH42DS8171,ok,
,0,Maruti-Suzuki-SX4-527555b.jpg_0348_0062_0179_0113_0047.png,C:\Users\shrey\Downloads\cvproject\Dataset\in\in\Maruti-Suzuki-SX4-527555b.jpg_0348_0062_0179_0113_0047.png,0,0,113,47,WHO2E04870,ok,
,0,Hyundai-i10-528249c.jpg_0000_0296_0460_0202_0049.png,C:\Users\shrey\Downloads\cvproject\Dataset\in\in\Hyundai-i10-528249c.jpg_0000_0296_0460_0202_0049.png,0,0,202,49,HDLZCAR2985,ok,
,0,Chevrolet-Beat-523424c.jpg_0000_0325_0316_0165_0057.png,C:\Users\shrey\Downloads\cvproject\Dataset\in\in\Chevrolet-Beat-523424c.jpg_0000_0325_0316_0165_0057.png,0,0,165,57,WB62B5I70,ok,
,0,Toyota-Corolla-Altis-527867c.jpg_0000_0300_0341_0198_0063.png,C:\Users\shrey\Downloads\cvproject\Dataset\in\in\Toyota-Corolla-Altis-527867c.jpg_0000_0300_0341_0198_0063.png,0,0,198,63,UP16T6435,ok,
,0,Maruti-Suzuki-Wagon-R-1-0-524647c.jpg_0355_0251_0348_0250_0073.png,C:\Users\shrey\Downloads\cvproject\Dataset\in\in\Maruti-Suzuki-Wagon-R-1-0-524647c.jpg_0355_0251_0348_0250_0073.png,0,0,250,73,APO1AA4581,ok,
,0,Maruti-Suzuki-Wagon-R-523062c.jpg_0000_0353_0285_0186_0043.png,C:\Users\shrey\Downloads\cvproject\Dataset\in\in\Maruti-Suzuki-Wagon-R-523062c.jpg_0000_0353_0285_0186_0043.png,0,0,186,43,MHOLAR9025,ok,
,0,Hyundai-Santro-Xing-526794c.jpg_0000_0332_0353_0134_0031.png,C:\Users\shrey\Downloads\cvproject\Dataset\in\in\Hyundai-Santro-Xing-526794c.jpg_0000_0332_0353_0134_0031.png,0,0,134,31,B4736,ok,
,0,Maruti-Suzuki-Alto-515313d.jpg_0013_0403_0421_0170_0058.png,C:\Users\shrey\Downloads\cvproject\Dataset\in\in\Maruti-Suzuki-Alto-515313d.jpg_0013_0403_0421_0170_0058.png,0,0,170,58,1AK9701TN49,ok,
,0,Maruti-Suzuki-Swift-526596c.jpg_0359_0266_0482_0262_0063.png,C:\Users\shrey\Downloads\cvproject\Dataset\in\in\Maruti-Suzuki-Swift-526596c.jpg_0359_0266_0482_0262_0063.png,0,0,262,63,GJHS5499,ok,
,0,Chevrolet-Cruze-522054c.jpg_0357_0294_0307_0257_0062.png,C:\Users\shrey\Downloads\cvproject\Dataset\in\in\Chevrolet-Cruze-522054c.jpg_0357_0294_0307_0257_0062.png,0,0,257,62,GINBBA5429,ok,
,0,Honda-City-527945c.jpg_0004_0324_0315_0234_0063.png,C:\Users\shrey\Downloads\cvproject\Dataset\in\in\Honda-City-527945c.jpg_0004_0324_0315_0234_0063.png,0,0,234,63,MH02BT4626,ok,
,0,Hyundai-Accent-514782c.jpg_0000_0158_0191_0151_0043.png,C:\Users\shrey\Downloads\cvproject\Dataset\in\in\Hyundai-Accent-514782c.jpg_0000_0158_0191_0151_0043.png,0,0,151,43,DLZCL4508,ok,
,0,Maruti-Suzuki-Wagon-R-527780d.jpg_0337_0051_0279_0195_0057.png,C:\Users\shrey\Downloads\cvproject\Dataset\in\in\Maruti-Suzuki-Wagon-R-527780d.jpg_0337_0051_0279_0195_0057.png,0,0,195,57,MH14BR0689,ok,
,0,Mitsubishi-Cedia-513884d.jpg_0000_0102_0214_0141_0045.png,C:\Users\shrey\Downloads\cvproject\Dataset\in\in\Mitsubishi-Cedia-513884d.jpg_0000_0102_0214_0141_0045.png,0,0,141,45,KL41A9786,ok,
,0,Maruti-Suzuki-Swift-Dzire-529765c.jpg_0020_0651_0282_0115_0054.png,C:\Users\shrey\Downloads\cvproject\Dataset\in\in\Maruti-Suzuki-Swift-Dzire-529765c.jpg_0020_0651_0282_0115_0054.png,0,0,115,54,M03AR558,ok,
,0,Maruti-Suzuki-Zen-Estilo-527386b.jpg_0000_0334_0478_0194_0036.png,C:\Users\shrey\Downloads\cvproject\Dataset\in\in\Maruti-Suzuki-Zen-Estilo-527386b.jpg_0000_0334_0478_0194_0036.png,0,0,194,36,ML92B6844,ok,
,0,Honda-City-523688c.jpg_0349_0149_0312_0246_0099.png,C:\Users\shrey\Downloads\cvproject\Dataset\in\in\Honda-City-523688c.jpg_0349_0149_0312_0246_0099.png,0,0,246,99,MH17AA1199,ok,
,0,Hyundai-i10-522477c.jpg_0346_0170_0486_0254_0069.png,C:\Users\shrey\Downloads\cvproject\Dataset\in\in\Hyundai-i10-522477c.jpg_0346_0170_0486_0254_0069.png,0,0,254,69,TN02AJ0322,ok,
,0,Maruti-Suzuki-Swift-Dzire-523483c.jpg_0000_0309_0353_0194_0068.png,C:\Users\shrey\Downloads\cvproject\Dataset\in\in\Maruti-Suzuki-Swift-Dzire-523483c.jpg_0000_0309_0353_0194_0068.png,0,0,194,68,DLBCAY5270,ok,
,0,Maruti-Suzuki-Alto-526732c.jpg_0024_0521_0517_0124_0033.png,C:\Users\shrey\Downloads\cvproject\Dataset\in\in\Maruti-Suzuki-Alto-526732c.jpg_0024_0521_0517_0124_0033.png,0,0,124,33,MIZFUSI3S,ok,
,0,Maruti-Suzuki-Swift-Dzire-526627c.jpg_0000_0259_0328_0300_0087.png,C:\Users\shrey\Downloads\cvproject\Dataset\in\in\Maruti-Suzuki-Swift-Dzire-526627c.jpg_0000_0259_0328_0300_0087.png,0,0,300,87,GJIAR20O,ok,
,0,Chevrolet-Beat-520847c.jpg_0000_0229_0388_0206_0089.png,C:\Users\shrey\Downloads\cvproject\Dataset\in\in\Chevrolet-Beat-520847c.jpg_0000_0229_0388_0206_0089.png,0,0,206,89,DL9CT3301,ok,
,0,Ford-Ikon-522629e.jpg_0000_0257_0317_0251_0066.png,C:\Users\shrey\Downloads\cvproject\Dataset\in\in\Ford-Ikon-522629e.jpg_0000_0257_0317_0251_0066.png,0,0,251,66,MHO9BB9894,ok,
,0,Hyundai-i10-528645b.jpg_0000_0086_0186_0091_0026.png,C:\Users\shrey\Downloads\cvproject\Dataset\in\in\Hyundai-i10-528645b.jpg_0000_0086_0186_0091_0026.png,0,0,91,26,GNI7BF5202,ok,
,0,Hyundai-Elantra-525103c.jpg_0000_0144_0246_0121_0024.png,C:\Users\shrey\Downloads\cvproject\Dataset\in\in\Hyundai-Elantra-525103c.jpg_0000_0144_0246_0121_0024.png,0,0,121,24,GJIKR6242,ok,
,0,Maruti-Suzuki-Swift-525406c.jpg_0000_0425_0401_0134_0069.png,C:\Users\shrey\Downloads\cvproject\Dataset\in\in\Maruti-Suzuki-Swift-525406c.jpg_0000_0425_0401_0134_0069.png,0,0,134,69,FSMH16ABI20,ok,
,0,Toyota-Innova-527241e.jpg_0352_0127_0287_0154_0049.png,C:\Users\shrey\Downloads\cvproject\Dataset\in\in\Toyota-Innova-527241e.jpg_0352_0127_0287_0154_0049.png,0,0,154,49,HH12FP8714,ok,
,0,Honda-City-530343c.jpg_0358_0328_0307_0240_0056.png,C:\Users\shrey\Downloads\cvproject\Dataset\in\in\Honda-City-530343c.jpg_0358_0328_0307_0240_0056.png,0,0,240,56,MHO4DX2043,ok,
,0,Ford-Figo-521865f.jpg_0000_0277_0338_0263_0068.png,C:\Users\shrey\Downloads\cvproject\Dataset\in\in\Ford-Figo-521865f.jpg_0000_0277_0338_0263_0068.png,0,0,263,68,INDHB0667172,ok,
,0,Toyota-Innova-522211c.jpg_0010_0425_0325_0163_0070.png,C:\Users\shrey\Downloads\cvproject\Dataset\in\in\Toyota-Innova-522211c.jpg_0010_0425_0325_0163_0070.png,0,0,163,70,MH04EF1070,ok,
,0,Maruti-Suzuki-New-Swift-DZire-526214c.jpg_0025_0444_0294_0188_0072.png,C:\Users\shrey\Downloads\cvproject\Dataset\in\in\Maruti-Suzuki-New-Swift-DZire-526214c.jpg_0025_0444_0294_0188_0072.png,0,0,188,72,F3IOENSIM,ok,
,0,Honda-City-528644d.jpg_0017_0338_0143_0081_0040.png,C:\Users\shrey\Downloads\cvproject\Dataset\in\in\Honda-City-528644d.jpg_0017_0338_0143_0081_0040.png,0,0,81,40,RJSGC426S0,ok,
,0,Hyundai-i10-525170c.jpg_0000_0318_0457_0123_0040.png,C:\Users\shrey\Downloads\cvproject\Dataset\in\in\Hyundai-i10-525170c.jpg_0000_0318_0457_0123_0040.png,0,0,123,40,OKA04,ok,
,0,Maruti-Suzuki-Swift-Old-528445c.jpg_0000_0255_0481_0287_0067.png,C:\Users\shrey\Downloads\cvproject\Dataset\in\in\Maruti-Suzuki-Swift-Old-528445c.jpg_0000_0255_0481_0287_0067.png,0,0,287,67,AP28D0456,ok,
,0,Maruti-Suzuki-Swift-Dzire-521184c.jpg_0000_0307_0314_0201_0070.png,C:\Users\shrey\Downloads\cvproject\Dataset\in\in\Maruti-Suzuki-Swift-Dzire-521184c.jpg_0000_0307_0314_0201_0070.png,0,0,201,70,WB06B6251,ok,
,0,Maruti-Suzuki-Swift-Dzire-523483f.jpg_0005_0352_0437_0167_0052.png,C:\Users\shrey\Downloads\cvproject\Dataset\in\in\Maruti-Suzuki-Swift-Dzire-523483f.jpg_0005_0352_0437_0167_0052.png,0,0,167,52,DLACAY5270,ok,
,0,Maruti-Suzuki-Swift-527560b.jpg_0358_0172_0235_0180_0048.png,C:\Users\shrey\Downloads\cvproject\Dataset\in\in\Maruti-Suzuki-Swift-527560b.jpg_0358_0172_0235_0180_0048.png,0,0,180,48,MHOZAC0002,ok,
,0,Maruti-Suzuki-Swift-525735b.jpg_0000_0061_0474_0147_0095.png,C:\Users\shrey\Downloads\cvproject\Dataset\in\in\Maruti-Suzuki-Swift-525735b.jpg_0000_0061_0474_0147_0095.png,0,0,147,95,TMHIDY8806,ok,
,0,Maruti-Suzuki-A-Star-515320d.jpg_0013_0406_0343_0136_0045.png,C:\Users\shrey\Downloads\cvproject\Dataset\in\in\Maruti-Suzuki-A-Star-515320d.jpg_0013_0406_0343_0136_0045.png,0,0,136,45,1TN20817893,ok,
,0,Volkswagen-Polo-525091c.jpg_0345_0196_0418_0207_0076.png,C:\Users\shrey\Downloads\cvproject\Dataset\in\in\Volkswagen-Polo-525091c.jpg_0345_0196_0418_0207_0076.png,0,0,207,76,MHIZGF788,ok,
,0,Chevrolet-Cruze-527718h.jpg_0000_0113_0256_0099_0023.png,C:\Users\shrey\Downloads\cvproject\Dataset\in\in\Chevrolet-Cruze-527718h.jpg_0000_0113_0256_0099_0023.png,0,0,99,23,EW4L34NL685,ok,
,0,Tata-Indica-Vista-528502c.jpg_0357_0260_0520_0267_0051.png,C:\Users\shrey\Downloads\cvproject\Dataset\in\in\Tata-Indica-Vista-528502c.jpg_0357_0260_0520_0267_0051.png,0,0,267,51,AP29AF1236,ok,
,0,Honda-City-524188c.jpg_0338_0187_0369_0157_0042.png,C:\Users\shrey\Downloads\cvproject\Dataset\in\in\Honda-City-524188c.jpg_0338_0187_0369_0157_0042.png,0,0,157,42,18A2387944,ok,
,0,Maruti-Suzuki-Swift-Dzire-526668b.jpg_0000_0296_0370_0215_0055.png,C:\Users\shrey\Downloads\cvproject\Dataset\in\in\Maruti-Suzuki-Swift-Dzire-526668b.jpg_0000_0296_0370_0215_0055.png,0,0,215,55,MH05AS9787,ok,
,0,Honda-City-527854c.jpg_0000_0300_0255_0231_0064.png,C:\Users\shrey\Downloads\cvproject\Dataset\in\in\Honda-City-527854c.jpg_0000_0300_0255_0231_0064.png,0,0,231,64,MH05AJ9929,ok,
,0,Chevrolet-Beat-519533g.jpg_0002_0313_0493_0229_0053.png,C:\Users\shrey\Downloads\cvproject\Dataset\in\in\Chevrolet-Beat-519533g.jpg_0002_0313_0493_0229_0053.png,0,0,229,53,0BOGJ5095,ok,
,0,Maruti-Suzuki-800-526454b.jpg_0000_0247_0450_0247_0058.png,C:\Users\shrey\Downloads\cvproject\Dataset\in\in\Maruti-Suzuki-800-526454b.jpg_0000_0247_0450_0247_0058.png,0,0,247,58,KLO2AD6790,ok,
,0,Chevrolet-Cruze-528085c.jpg_0000_0157_0181_0130_0036.png,C:\Users\shrey\Downloads\cvproject\Dataset\in\in\Chevrolet-Cruze-528085c.jpg_0000_0157_0181_0130_0036.png,0,0,130,36,MK46P9Z7,ok,
,0,Volkswagen-Beetle-527801b.jpg_0350_0191_0281_0108_0038.png,C:\Users\shrey\Downloads\cvproject\Dataset\in\in\Volkswagen-Beetle-527801b.jpg_0350_0191_0281_0108_0038.png,0,0,108,38,VH2ET945,ok,
,0,Maruti-Suzuki-Zen-Estilo-515142b.jpg_0357_0309_0423_0239_0044.png,C:\Users\shrey\Downloads\cvproject\Dataset\in\in\Maruti-Suzuki-Zen-Estilo-515142b.jpg_0357_0309_0423_0239_0044.png,0,0,239,44,MH04DB6948,ok,
,0,Maruti-Suzuki-A-Star-515301d.jpg_0343_0025_0375_0155_0036.png,C:\Users\shrey\Downloads\cvproject\Dataset\in\in\Maruti-Suzuki-A-Star-515301d.jpg_0343_0025_0375_0155_0036.png,0,0,155,36,IIX22624300,ok,
,0,Maruti-Suzuki-Swift-527560g.jpg_0351_0070_0265_0134_0045.png,C:\Users\shrey\Downloads\cvproject\Dataset\in\in\Maruti-Suzuki-Swift-527560g.jpg_0351_0070_0265_0134_0045.png,0,0,134,45,MH02ACCO02,ok,
,0,Mahindra-Scorpio-525112b.jpg_0343_0114_0403_0159_0047.png,C:\Users\shrey\Downloads\cvproject\Dataset\in\in\Mahindra-Scorpio-525112b.jpg_0343_0114_0403_0159_0047.png,0,0,159,47,MHI2CV6529,ok,
,0,Hyundai-i10-521381c.jpg_0000_0296_0456_0256_0060.png,C:\Users\shrey\Downloads\cvproject\Dataset\in\in\Hyundai-i10-521381c.jpg_0000_0296_0456_0256_0060.png,0,0,256,60,APO9CF9994,ok,
,0,Skoda-Superb-529188c.jpg_0000_0295_0393_0206_0057.png,C:\Users\shrey\Downloads\cvproject\Dataset\in\in\Skoda-Superb-529188c.jpg_0000_0295_0393_0206_0057.png,0,0,206,57,KA53N6415,ok,
,0,Volkswagen-Polo-520667c.jpg_0000_0306_0415_0197_0046.png,C:\Users\shrey\Downloads\cvproject\Dataset\in\in\Volkswagen-Polo-520667c.jpg_0000_0306_0415_0197_0046.png,0,0,197,46,MH16AE8118,ok,
,0,Honda-Civic-527473c.jpg_0009_0365_0199_0109_0040.png,C:\Users\shrey\Downloads\cvproject\Dataset\in\in\Honda-Civic-527473c.jpg_0009_0365_0199_0109_0040.png,0,0,109,40,IM2AY2018,ok,
,0,Chevrolet-Beat-527214g.jpg_0000_0285_0236_0216_0061.png,C:\Users\shrey\Downloads\cvproject\Dataset\in\in\Chevrolet-Beat-527214g.jpg_0000_0285_0236_0216_0061.png,0,0,216,61,MH04FA6281,ok,
,0,Maruti-Suzuki-SX4-527555c.jpg_0345_0101_0111_0224_0119.png,C:\Users\shrey\Downloads\cvproject\Dataset\in\in\Maruti-Suzuki-SX4-527555c.jpg_0345_0101_0111_0224_0119.png,0,0,224,119,JMOZED4870,ok,
,0,Hyundai-Verna-522812c.jpg_0347_0084_0212_0217_0065.png,C:\Users\shrey\Downloads\cvproject\Dataset\in\in\Hyundai-Verna-522812c.jpg_0347_0084_0212_0217_0065.png,0,0,217,65,MHOEAN3997,ok,
,0,Toyota-Innova-518412g.jpg_0000_0330_0250_0221_0067.png,C:\Users\shrey\Downloads\cvproject\Dataset\in\in\Toyota-Innova-518412g.jpg_0000_0330_0250_0221_0067.png,0,0,221,67,MH43V6455,ok,
,0,Hyundai-i20-526632c.jpg_0003_0371_0471_0209_0064.png,C:\Users\shrey\Downloads\cvproject\Dataset\in\in\Hyundai-i20-526632c.jpg_0003_0371_0471_0209_0064.png,0,0,209,64,MH12GK888,ok,
,0,Honda-Civic-527931c.jpg_0000_0315_0450_0234_0046.png,C:\Users\shrey\Downloads\cvproject\Dataset\in\in\Honda-Civic-527931c.jpg_0000_0315_0450_0234_0046.png,0,0,234,46,MH04CT2694,ok,
,0,Chevrolet-Cruze-521616c.jpg_0339_0021_0273_0187_0045.png,C:\Users\shrey\Downloads\cvproject\Dataset\in\in\Chevrolet-Cruze-521616c.jpg_0339_0021_0273_0187_0045.png,0,0,187,45,UAZSES1396,ok,
,0,Toyota-Innova-527300c.jpg_0000_0305_0356_0260_0071.png,C:\Users\shrey\Downloads\cvproject\Dataset\in\in\Toyota-Innova-527300c.jpg_0000_0305_0356_0260_0071.png,0,0,260,71,WB02Y7511,ok,
,0,Hyundai-i20-528389b.jpg_0358_0329_0356_0131_0031.png,C:\Users\shrey\Downloads\cvproject\Dataset\in\in\Hyundai-i20-528389b.jpg_0358_0329_0356_0131_0031.png,0,0,131,31,KA1SMAEBE,ok,
,0,Mahindra-Scorpio-519993c.jpg_0000_0351_0322_0127_0038.png,C:\Users\shrey\Downloads\cvproject\Dataset\in\in\Mahindra-Scorpio-519993c.jpg_0000_0351_0322_0127_0038.png,0,0,127,38,MHO4DR5018,ok,
,0,Toyota-Innova-528373d.jpg_0353_0169_0259_0118_0064.png,C:\Users\shrey\Downloads\cvproject\Dataset\in\in\Toyota-Innova-528373d.jpg_0353_0169_0259_0118_0064.png,0,0,118,64,MREK6300,ok,
,0,Maruti-Suzuki-Zen-Estilo-520118b.jpg_0000_0544_0385_0131_0065.png,C:\Users\shrey\Downloads\cvproject\Dataset\in\in\Maruti-Suzuki-Zen-Estilo-520118b.jpg_0000_0544_0385_0131_0065.png,0,0,131,65,MHO6AZIOE4,ok,
,0,Maruti-Suzuki-Swift-Dzire-514261g.jpg_0336_0091_0249_0118_0049.png,C:\Users\shrey\Downloads\cvproject\Dataset\in\in\Maruti-Suzuki-Swift-Dzire-514261g.jpg_0336_0091_0249_0118_0049.png,0,0,118,49,3000IPLBCBS,ok,
,0,Maruti-Suzuki-Wagon-R-526288c.jpg_0000_0306_0329_0183_0050.png,C:\Users\shrey\Downloads\cvproject\Dataset\in\in\Maruti-Suzuki-Wagon-R-526288c.jpg_0000_0306_0329_0183_0050.png,0,0,183,50,MB20U7719,ok,
,0,Honda-City-ZX-522224c.jpg_0000_0312_0312_0203_0061.png,C:\Users\shrey\Downloads\cvproject\Dataset\in\in\Honda-City-ZX-522224c.jpg_0000_0312_0312_0203_0061.png,0,0,203,61,MH01AE4250,ok,
,0,Maruti-Suzuki-Zen-Estilo-526516b.jpg_0336_0071_0377_0115_0050.png,C:\Users\shrey\Downloads\cvproject\Dataset\in\in\Maruti-Suzuki-Zen-Estilo-526516b.jpg_0336_0071_0377_0115_0050.png,0,0,115,50,BX4561,ok,
,0,Mitsubishi-Lancer-527488c.jpg_0002_0376_0266_0199_0048.png,C:\Users\shrey\Downloads\cvproject\Dataset\in\in\Mitsubishi-Lancer-527488c.jpg_0002_0376_0266_0199_0048.png,0,0,199,48,PB254694,ok,
,0,Mahindra-Xylo-526773c.jpg_0347_0077_0300_0131_0040.png,C:\Users\shrey\Downloads\cvproject\Dataset\in\in\Mahindra-Xylo-526773c.jpg_0347_0077_0300_0131_0040.png,0,0,131,40,NB4565,ok,
,0,Toyota-Innova-529475c.jpg_0352_0207_0358_0219_0056.png,C:\Users\shrey\Downloads\cvproject\Dataset\in\in\Toyota-Innova-529475c.jpg_0352_0207_0358_0219_0056.png,0,0,219,56,MHSLDV2896,ok,
,0,Maruti-Suzuki-Zen-Estilo-524478c.jpg_0358_0264_0511_0263_0058.png,C:\Users\shrey\Downloads\cvproject\Dataset\in\in\Maruti-Suzuki-Zen-Estilo-524478c.jpg_0358_0264_0511_0263_0058.png,0,0,263,58,API0AA1539,ok,
,0,Maruti-Suzuki-Alto-528193b.jpg_0000_0292_0358_0188_0063.png,C:\Users\shrey\Downloads\cvproject\Dataset\in\in\Maruti-Suzuki-Alto-528193b.jpg_0000_0292_0358_0188_0063.png,0,0,188,63,TN05AF6991,ok,
,0,Toyota-Innova-529384c.jpg_0000_0311_0359_0189_0050.png,C:\Users\shrey\Downloads\cvproject\Dataset\in\in\Toyota-Innova-529384c.jpg_0000_0311_0359_0189_0050.png,0,0,189,50,TN23AM1200,ok,
,0,Honda-City-526141b.jpg_0000_0133_0435_0180_0033.png,C:\Users\shrey\Downloads\cvproject\Dataset\in\in\Honda-City-526141b.jpg_0000_0133_0435_0180_0033.png,0,0,180,33,AP29E2277,ok,
,0,Maruti-Suzuki-Swift-Dzire-525865c.jpg_0005_0322_0383_0305_0092.png,C:\Users\shrey\Downloads\cvproject\Dataset\in\in\Maruti-Suzuki-Swift-Dzire-525865c.jpg_0005_0322_0383_0305_0092.png,0,0,305,92,MH01AH5386,ok,
,0,Honda-City-522187c.jpg_0340_0022_0232_0162_0073.png,C:\Users\shrey\Downloads\cvproject\Dataset\in\in\Honda-City-522187c.jpg_0340_0022_0232_0162_0073.png,0,0,162,73,BCBE3718,ok,
,0,Maruti-Suzuki-Swift-527253c.jpg_0331_-020_0442_0157_0061.png,C:\Users\shrey\Downloads\cvproject\Dataset\in\in\Maruti-Suzuki-Swift-527253c.jpg_0331_-020_0442_0157_0061.png,0,0,157,61,W6718,ok,
,0,Maruti-Suzuki-Swift-529820c.jpg_0000_0248_0414_0249_0067.png,C:\Users\shrey\Downloads\cvproject\Dataset\in\in\Maruti-Suzuki-Swift-529820c.jpg_0000_0248_0414_0249_0067.png,0,0,249,67,INDTH129637,ok,
,0,Skoda-Fabia-520019c.jpg_0356_0288_0272_0227_0053.png,C:\Users\shrey\Downloads\cvproject\Dataset\in\in\Skoda-Fabia-520019c.jpg_0356_0288_0272_0227_0053.png,0,0,227,53,DL3CBM6489,ok,
,0,Ford-Figo-518686c.jpg_0358_0270_0350_0273_0064.png,C:\Users\shrey\Downloads\cvproject\Dataset\in\in\Ford-Figo-518686c.jpg_0358_0270_0350_0273_0064.png,0,0,273,64,GJKM3306,ok,
,0,Honda-Civic-527728e.jpg_0000_0358_0201_0115_0056.png,C:\Users\shrey\Downloads\cvproject\Dataset\in\in\Honda-Civic-527728e.jpg_0000_0358_0201_0115_0056.png,0,0,115,56,MHO1AR8912,ok,
,0,Maruti-Suzuki-Swift-527868c.jpg_0338_0022_0415_0214_0060.png,C:\Users\shrey\Downloads\cvproject\Dataset\in\in\Maruti-Suzuki-Swift-527868c.jpg_0338_0022_0415_0214_0060.png,0,0,214,60,HR26AY3961,ok,
,0,Ford-Fiesta-527953c.jpg_0001_0210_0331_0242_0056.png,C:\Users\shrey\Downloads\cvproject\Dataset\in\in\Ford-Fiesta-527953c.jpg_0001_0210_0331_0242_0056.png,0,0,242,56,DL4CAF1102,ok,
,0,Hyundai-Santro-Xing-529640b.jpg_0010_0360_0365_0157_0036.png,C:\Users\shrey\Downloads\cvproject\Dataset\in\in\Hyundai-Santro-Xing-529640b.jpg_0010_0360_0365_0157_0036.png,0,0,157,36,DLZCL4275,ok,
,0,Hyundai-Santro-Xing-529357c.jpg_0000_0277_0317_0273_0077.png,C:\Users\shrey\Downloads\cvproject\Dataset\in\in\Hyundai-Santro-Xing-529357c.jpg_0000_0277_0317_0273_0077.png,0,0,273,77,AP1OAK5807,ok,
,0,Maruti-Suzuki-Swift-Dzire-528449c.jpg_0016_0591_0286_0199_0065.png,C:\Users\shrey\Downloads\cvproject\Dataset\in\in\Maruti-Suzuki-Swift-Dzire-528449c.jpg_0016_0591_0286_0199_0065.png,0,0,199,65,DL2CAS0267,ok,
,0,Maruti-Suzuki-Alto-528967c.jpg_0000_0260_0367_0329_0086.png,C:\Users\shrey\Downloads\cvproject\Dataset\in\in\Maruti-Suzuki-Alto-528967c.jpg_0000_0260_0367_0329_0086.png,0,0,329,86,WB24R1436,ok,
,0,Maruti-Suzuki-SX4-527549d.jpg_0345_0186_0233_0089_0026.png,C:\Users\shrey\Downloads\cvproject\Dataset\in\in\Maruti-Suzuki-SX4-527549d.jpg_0345_0186_0233_0089_0026.png,0,0,89,26,J0108,ok,
,0,Maruti-Suzuki-Swift-525876c.jpg_0000_0329_0471_0234_0070.png,C:\Users\shrey\Downloads\cvproject\Dataset\in\in\Maruti-Suzuki-Swift-525876c.jpg_0000_0329_0471_0234_0070.png,0,0,234,70,0147483MA,ok,
,0,Ford-Figo-524314e.jpg_0020_0564_0245_0107_0050.png,C:\Users\shrey\Downloads\cvproject\Dataset\in\in\Ford-Figo-524314e.jpg_0020_0564_0245_0107_0050.png,0,0,107,50,MHI4DH525,ok,
,0,Chevrolet-Optra-522225d.jpg_0029_0672_0371_0123_0034.png,C:\Users\shrey\Downloads\cvproject\Dataset\in\in\Chevrolet-Optra-522225d.jpg_0029_0672_0371_0123_0034.png,0,0,123,34,MA20K3Z,ok,
,0,Honda-City-521893e.jpg_0000_0274_0300_0225_0075.png,C:\Users\shrey\Downloads\cvproject\Dataset\in\in\Honda-City-521893e.jpg_0000_0274_0300_0225_0075.png,0,0,225,75,MH2OBY7778,ok,
,0,Hyundai-Santro-Xing-525064c.jpg_0358_0278_0282_0174_0049.png,C:\Users\shrey\Downloads\cvproject\Dataset\in\in\Hyundai-Santro-Xing-525064c.jpg_0358_0278_0282_0174_0049.png,0,0,174,49,MH04BY4318,ok,
,0,Toyota-Etios-518765c.jpg_0004_0315_0390_0191_0047.png,C:\Users\shrey\Downloads\cvproject\Dataset\in\in\Toyota-Etios-518765c.jpg_0004_0315_0390_0191_0047.png,0,0,191,47,TN07BU7312,ok,
,0,Honda-City-ZX-529066c.jpg_0031_0598_0505_0186_0055.png,C:\Users\shrey\Downloads\cvproject\Dataset\in\in\Honda-City-ZX-529066c.jpg_0031_0598_0505_0186_0055.png,0,0,186,55,MH4AM5836,ok,
,0,Maruti-Suzuki-Swift-524599c.jpg_0002_0317_0437_0211_0074.png,C:\Users\shrey\Downloads\cvproject\Dataset\in\in\Maruti-Suzuki-Swift-524599c.jpg_0002_0317_0437_0211_0074.png,0,0,211,74,WB0641789,ok,
,0,Maruti-Suzuki-Zen-Estilo-515142h.jpg_0000_0184_0318_0170_0040.png,C:\Users\shrey\Downloads\cvproject\Dataset\in\in\Maruti-Suzuki-Zen-Estilo-515142h.jpg_0000_0184_0318_0170_0040.png,0,0,170,40,MH04DB6948,ok,
,0,Maruti-Suzuki-SX4-518929c.jpg_0000_0179_0302_0297_0138.png,C:\Users\shrey\Downloads\cvproject\Dataset\in\in\Maruti-Suzuki-SX4-518929c.jpg_0000_0179_0302_0297_0138.png,0,0,297,138,AP29AQ6870,ok,
,0,Chevrolet-Aveo-528299d.jpg_0000_0218_0236_0170_0052.png,C:\Users\shrey\Downloads\cvproject\Dataset\in\in\Chevrolet-Aveo-528299d.jpg_0000_0218_0236_0170_0052.png,0,0,170,52,DL3CAE2067,ok,
,0,Maruti-Suzuki-Wagon-R-523061b.jpg_0000_0314_0391_0226_0050.png,C:\Users\shrey\Downloads\cvproject\Dataset\in\in\Maruti-Suzuki-Wagon-R-523061b.jpg_0000_0314_0391_0226_0050.png,0,0,226,50,MH03AZ4228,ok,
,0,Chevrolet-Cruze-514328c.jpg_0000_0160_0173_0136_0046.png,C:\Users\shrey\Downloads\cvproject\Dataset\in\in\Chevrolet-Cruze-514328c.jpg_0000_0160_0173_0136_0046.png,0,0,136,46,M02BP5008,ok,
,0,Hyundai-Verna-529259c.jpg_0000_0268_0302_0288_0067.png,C:\Users\shrey\Downloads\cvproject\Dataset\in\in\Hyundai-Verna-529259c.jpg_0000_0268_0302_0288_0067.png,0,0,288,67,AP09BV4350,ok,
,0,Maruti-Suzuki-Swift-522794c.jpg_0000_0251_0398_0313_0073.png,C:\Users\shrey\Downloads\cvproject\Dataset\in\in\Maruti-Suzuki-Swift-522794c.jpg_0000_0251_0398_0313_0073.png,0,0,313,73,SHEGJRB255,ok,
,0,Hyundai-Accent-527665g.jpg_0000_0250_0184_0105_0033.png,C:\Users\shrey\Downloads\cvproject\Dataset\in\in\Hyundai-Accent-527665g.jpg_0000_0250_0184_0105_0033.png,0,0,105,33,VHCIMA0OT7,ok,
,0,Hyundai-i10-525671c.jpg_0000_0283_0498_0280_0078.png,C:\Users\shrey\Downloads\cvproject\Dataset\in\in\Hyundai-i10-525671c.jpg_0000_0283_0498_0280_0078.png,0,0,280,78,GJKP6DSE,ok,
,0,Maruti-Suzuki-Swift-Dzire-526820c.jpg_0000_0264_0271_0205_0048.png,C:\Users\shrey\Downloads\cvproject\Dataset\in\in\Maruti-Suzuki-Swift-Dzire-526820c.jpg_0000_0264_0271_0205_0048.png,0,0,205,48,DL7CK0722,ok,
,0,Maruti-Suzuki-Alto-527039b.jpg_0357_0094_0208_0108_0032.png,C:\Users\shrey\Downloads\cvproject\Dataset\in\in\Maruti-Suzuki-Alto-527039b.jpg_0357_0094_0208_0108_0032.png,0,0,108,32,TX20BC4534,ok,
,0,Maruti-Suzuki-Ritz-524195c.jpg_0000_0252_0324_0292_0076.png,C:\Users\shrey\Downloads\cvproject\Dataset\in\in\Maruti-Suzuki-Ritz-524195c.jpg_0000_0252_0324_0292_0076.png,0,0,292,76,GILKG2754,ok,
,0,Maruti-Suzuki-Swift-Dzire-520594c.jpg_0355_0234_0381_0221_0078.png,C:\Users\shrey\Downloads\cvproject\Dataset\in\in\Maruti-Suzuki-Swift-Dzire-520594c.jpg_0355_0234_0381_0221_0078.png,0,0,221,78,UP44BA8832,ok,
,0,Maruti-Suzuki-Zen-Estilo-515306d.jpg_0344_0075_0389_0151_0031.png,C:\Users\shrey\Downloads\cvproject\Dataset\in\in\Maruti-Suzuki-Zen-Estilo-515306d.jpg_0344_0075_0389_0151_0031.png,0,0,151,31,TX20849252,ok,
,0,Hyundai-Fluidic-Verna-519456c.jpg_0002_0242_0340_0235_0055.png,C:\Users\shrey\Downloads\cvproject\Dataset\in\in\Hyundai-Fluidic-Verna-519456c.jpg_0002_0242_0340_0235_0055.png,0,0,235,55,HHOIBB11241,ok,
,0,Maruti-Suzuki-Omni-523374b.jpg_0342_0157_0498_0146_0031.png,C:\Users\shrey\Downloads\cvproject\Dataset\in\in\Maruti-Suzuki-Omni-523374b.jpg_0342_0157_0498_0146_0031.png,0,0,146,31,WH12EX8481,ok,
,0,Hyundai-i10-524809b.jpg_0000_0243_0389_0273_0029.png,C:\Users\shrey\Downloads\cvproject\Dataset\in\in\Hyundai-i10-524809b.jpg_0000_0243_0389_0273_0029.png,0,0,273,29,AH02339EU,ok,
,0,Hyundai-Santro-Xing-528552d.jpg_0023_0613_0377_0116_0045.png,C:\Users\shrey\Downloads\cvproject\Dataset\in\in\Hyundai-Santro-Xing-528552d.jpg_0023_0613_0377_0116_0045.png,0,0,116,45,MIIREX562,ok,
,0,Honda-City-521205c.jpg_0000_0297_0332_0218_0062.png,C:\Users\shrey\Downloads\cvproject\Dataset\in\in\Honda-City-521205c.jpg_0000_0297_0332_0218_0062.png,0,0,218,62,HR26BH3864,ok,
